region,region_code,year,population,prefecture_code,prefecture
Hokkaido,1000,1975,5338206,JP01,Hokkaido
Hokkaido,1000,1976,5395000,JP01,Hokkaido
Hokkaido,1000,1977,5443000,JP01,Hokkaido
Hokkaido,1000,1978,5490000,JP01,Hokkaido
Hokkaido,1000,1979,5535000,JP01,Hokkaido
Hokkaido,1000,1980,5575989,JP01,Hokkaido
Hokkaido,1000,1981,5605000,JP01,Hokkaido
Hokkaido,1000,1982,5630000,JP01,Hokkaido
Hokkaido,1000,1983,5656000,JP01,Hokkaido
Hokkaido,1000,1984,5672000,JP01,Hokkaido
Hokkaido,1000,1985,5679439,JP01,Hokkaido
Hokkaido,1000,1986,5673000,JP01,Hokkaido
Hokkaido,1000,1987,5660000,JP01,Hokkaido
Hokkaido,1000,1988,5656000,JP01,Hokkaido
Hokkaido,1000,1989,5649000,JP01,Hokkaido
Hokkaido,1000,1990,5643647,JP01,Hokkaido
Hokkaido,1000,1991,5650000,JP01,Hokkaido
Hokkaido,1000,1992,5661000,JP01,Hokkaido
Hokkaido,1000,1993,5669000,JP01,Hokkaido
Hokkaido,1000,1994,5681000,JP01,Hokkaido
Hokkaido,1000,1995,5692321,JP01,Hokkaido
Hokkaido,1000,1996,5697000,JP01,Hokkaido
Hokkaido,1000,1997,5699000,JP01,Hokkaido
Hokkaido,1000,1998,5695000,JP01,Hokkaido
Hokkaido,1000,1999,5689000,JP01,Hokkaido
Hokkaido,1000,2000,5683062,JP01,Hokkaido
Hokkaido,1000,2001,5680000,JP01,Hokkaido
Hokkaido,1000,2002,5672000,JP01,Hokkaido
Hokkaido,1000,2003,5663000,JP01,Hokkaido
Hokkaido,1000,2004,5650000,JP01,Hokkaido
Hokkaido,1000,2005,5627737,JP01,Hokkaido
Hokkaido,1000,2006,5605000,JP01,Hokkaido
Hokkaido,1000,2007,5579000,JP01,Hokkaido
Hokkaido,1000,2008,5548000,JP01,Hokkaido
Hokkaido,1000,2009,5524000,JP01,Hokkaido
Hokkaido,1000,2010,5506419,JP01,Hokkaido
Hokkaido,1000,2011,5488000,JP01,Hokkaido
Hokkaido,1000,2012,5465000,JP01,Hokkaido
Hokkaido,1000,2013,5438000,JP01,Hokkaido
Hokkaido,1000,2014,5410000,JP01,Hokkaido
Hokkaido,1000,2015,5381733,JP01,Hokkaido
Hokkaido,1000,2016,5355000,JP01,Hokkaido
Hokkaido,1000,2017,5325000,JP01,Hokkaido
Hokkaido,1000,2018,5293000,JP01,Hokkaido
Hokkaido,1000,2019,5259000,JP01,Hokkaido
Hokkaido,1000,2020,5224614,JP01,Hokkaido
Hokkaido,1000,2021,5183000,JP01,Hokkaido
Hokkaido,1000,2022,5140000,JP01,Hokkaido
Hokkaido,1000,2023,5092000,JP01,Hokkaido
Aomori-ken,2000,1975,1468646,JP02,Aomori
Aomori-ken,2000,1976,1484000,JP02,Aomori
Aomori-ken,2000,1977,1496000,JP02,Aomori
Aomori-ken,2000,1978,1507000,JP02,Aomori
Aomori-ken,2000,1979,1516000,JP02,Aomori
Aomori-ken,2000,1980,1523907,JP02,Aomori
Aomori-ken,2000,1981,1526000,JP02,Aomori
Aomori-ken,2000,1982,1527000,JP02,Aomori
Aomori-ken,2000,1983,1528000,JP02,Aomori
Aomori-ken,2000,1984,1527000,JP02,Aomori
Aomori-ken,2000,1985,1524448,JP02,Aomori
Aomori-ken,2000,1986,1517000,JP02,Aomori
Aomori-ken,2000,1987,1511000,JP02,Aomori
Aomori-ken,2000,1988,1502000,JP02,Aomori
Aomori-ken,2000,1989,1492000,JP02,Aomori
Aomori-ken,2000,1990,1482873,JP02,Aomori
Aomori-ken,2000,1991,1479000,JP02,Aomori
Aomori-ken,2000,1992,1476000,JP02,Aomori
Aomori-ken,2000,1993,1476000,JP02,Aomori
Aomori-ken,2000,1994,1480000,JP02,Aomori
Aomori-ken,2000,1995,1481663,JP02,Aomori
Aomori-ken,2000,1996,1483000,JP02,Aomori
Aomori-ken,2000,1997,1481000,JP02,Aomori
Aomori-ken,2000,1998,1479000,JP02,Aomori
Aomori-ken,2000,1999,1477000,JP02,Aomori
Aomori-ken,2000,2000,1475728,JP02,Aomori
Aomori-ken,2000,2001,1473000,JP02,Aomori
Aomori-ken,2000,2002,1467000,JP02,Aomori
Aomori-ken,2000,2003,1459000,JP02,Aomori
Aomori-ken,2000,2004,1448000,JP02,Aomori
Aomori-ken,2000,2005,1436657,JP02,Aomori
Aomori-ken,2000,2006,1424000,JP02,Aomori
Aomori-ken,2000,2007,1409000,JP02,Aomori
Aomori-ken,2000,2008,1395000,JP02,Aomori
Aomori-ken,2000,2009,1383000,JP02,Aomori
Aomori-ken,2000,2010,1373339,JP02,Aomori
Aomori-ken,2000,2011,1363000,JP02,Aomori
Aomori-ken,2000,2012,1350000,JP02,Aomori
Aomori-ken,2000,2013,1337000,JP02,Aomori
Aomori-ken,2000,2014,1323000,JP02,Aomori
Aomori-ken,2000,2015,1308265,JP02,Aomori
Aomori-ken,2000,2016,1295000,JP02,Aomori
Aomori-ken,2000,2017,1282000,JP02,Aomori
Aomori-ken,2000,2018,1268000,JP02,Aomori
Aomori-ken,2000,2019,1253000,JP02,Aomori
Aomori-ken,2000,2020,1237984,JP02,Aomori
Aomori-ken,2000,2021,1221000,JP02,Aomori
Aomori-ken,2000,2022,1204000,JP02,Aomori
Aomori-ken,2000,2023,1184000,JP02,Aomori
Iwate-ken,3000,1975,1385563,JP03,Iwate
Iwate-ken,3000,1976,1395000,JP03,Iwate
Iwate-ken,3000,1977,1401000,JP03,Iwate
Iwate-ken,3000,1978,1409000,JP03,Iwate
Iwate-ken,3000,1979,1416000,JP03,Iwate
Iwate-ken,3000,1980,1421927,JP03,Iwate
Iwate-ken,3000,1981,1426000,JP03,Iwate
Iwate-ken,3000,1982,1429000,JP03,Iwate
Iwate-ken,3000,1983,1432000,JP03,Iwate
Iwate-ken,3000,1984,1433000,JP03,Iwate
Iwate-ken,3000,1985,1433611,JP03,Iwate
Iwate-ken,3000,1986,1431000,JP03,Iwate
Iwate-ken,3000,1987,1427000,JP03,Iwate
Iwate-ken,3000,1988,1424000,JP03,Iwate
Iwate-ken,3000,1989,1419000,JP03,Iwate
Iwate-ken,3000,1990,1416928,JP03,Iwate
Iwate-ken,3000,1991,1416000,JP03,Iwate
Iwate-ken,3000,1992,1416000,JP03,Iwate
Iwate-ken,3000,1993,1417000,JP03,Iwate
Iwate-ken,3000,1994,1418000,JP03,Iwate
Iwate-ken,3000,1995,1419505,JP03,Iwate
Iwate-ken,3000,1996,1420000,JP03,Iwate
Iwate-ken,3000,1997,1419000,JP03,Iwate
Iwate-ken,3000,1998,1419000,JP03,Iwate
Iwate-ken,3000,1999,1417000,JP03,Iwate
Iwate-ken,3000,2000,1416180,JP03,Iwate
Iwate-ken,3000,2001,1413000,JP03,Iwate
Iwate-ken,3000,2002,1407000,JP03,Iwate
Iwate-ken,3000,2003,1401000,JP03,Iwate
Iwate-ken,3000,2004,1395000,JP03,Iwate
Iwate-ken,3000,2005,1385041,JP03,Iwate
Iwate-ken,3000,2006,1375000,JP03,Iwate
Iwate-ken,3000,2007,1364000,JP03,Iwate
Iwate-ken,3000,2008,1352000,JP03,Iwate
Iwate-ken,3000,2009,1340000,JP03,Iwate
Iwate-ken,3000,2010,1330147,JP03,Iwate
Iwate-ken,3000,2011,1315000,JP03,Iwate
Iwate-ken,3000,2012,1306000,JP03,Iwate
Iwate-ken,3000,2013,1299000,JP03,Iwate
Iwate-ken,3000,2014,1290000,JP03,Iwate
Iwate-ken,3000,2015,1279594,JP03,Iwate
Iwate-ken,3000,2016,1268000,JP03,Iwate
Iwate-ken,3000,2017,1254000,JP03,Iwate
Iwate-ken,3000,2018,1240000,JP03,Iwate
Iwate-ken,3000,2019,1226000,JP03,Iwate
Iwate-ken,3000,2020,1210534,JP03,Iwate
Iwate-ken,3000,2021,1196000,JP03,Iwate
Iwate-ken,3000,2022,1181000,JP03,Iwate
Iwate-ken,3000,2023,1163000,JP03,Iwate
Miyagi-ken,4000,1975,1955267,JP04,Miyagi
Miyagi-ken,4000,1976,1984000,JP04,Miyagi
Miyagi-ken,4000,1977,2008000,JP04,Miyagi
Miyagi-ken,4000,1978,2032000,JP04,Miyagi
Miyagi-ken,4000,1979,2059000,JP04,Miyagi
Miyagi-ken,4000,1980,2082320,JP04,Miyagi
Miyagi-ken,4000,1981,2104000,JP04,Miyagi
Miyagi-ken,4000,1982,2125000,JP04,Miyagi
Miyagi-ken,4000,1983,2144000,JP04,Miyagi
Miyagi-ken,4000,1984,2161000,JP04,Miyagi
Miyagi-ken,4000,1985,2176295,JP04,Miyagi
Miyagi-ken,4000,1986,2190000,JP04,Miyagi
Miyagi-ken,4000,1987,2206000,JP04,Miyagi
Miyagi-ken,4000,1988,2221000,JP04,Miyagi
Miyagi-ken,4000,1989,2236000,JP04,Miyagi
Miyagi-ken,4000,1990,2248558,JP04,Miyagi
Miyagi-ken,4000,1991,2267000,JP04,Miyagi
Miyagi-ken,4000,1992,2283000,JP04,Miyagi
Miyagi-ken,4000,1993,2299000,JP04,Miyagi
Miyagi-ken,4000,1994,2313000,JP04,Miyagi
Miyagi-ken,4000,1995,2328739,JP04,Miyagi
Miyagi-ken,4000,1996,2338000,JP04,Miyagi
Miyagi-ken,4000,1997,2348000,JP04,Miyagi
Miyagi-ken,4000,1998,2355000,JP04,Miyagi
Miyagi-ken,4000,1999,2360000,JP04,Miyagi
Miyagi-ken,4000,2000,2365320,JP04,Miyagi
Miyagi-ken,4000,2001,2369000,JP04,Miyagi
Miyagi-ken,4000,2002,2369000,JP04,Miyagi
Miyagi-ken,4000,2003,2369000,JP04,Miyagi
Miyagi-ken,4000,2004,2366000,JP04,Miyagi
Miyagi-ken,4000,2005,2360218,JP04,Miyagi
Miyagi-ken,4000,2006,2358000,JP04,Miyagi
Miyagi-ken,4000,2007,2354000,JP04,Miyagi
Miyagi-ken,4000,2008,2349000,JP04,Miyagi
Miyagi-ken,4000,2009,2348000,JP04,Miyagi
Miyagi-ken,4000,2010,2348165,JP04,Miyagi
Miyagi-ken,4000,2011,2326000,JP04,Miyagi
Miyagi-ken,4000,2012,2329000,JP04,Miyagi
Miyagi-ken,4000,2013,2333000,JP04,Miyagi
Miyagi-ken,4000,2014,2335000,JP04,Miyagi
Miyagi-ken,4000,2015,2333899,JP04,Miyagi
Miyagi-ken,4000,2016,2332000,JP04,Miyagi
Miyagi-ken,4000,2017,2326000,JP04,Miyagi
Miyagi-ken,4000,2018,2320000,JP04,Miyagi
Miyagi-ken,4000,2019,2312000,JP04,Miyagi
Miyagi-ken,4000,2020,2301996,JP04,Miyagi
Miyagi-ken,4000,2021,2290000,JP04,Miyagi
Miyagi-ken,4000,2022,2280000,JP04,Miyagi
Miyagi-ken,4000,2023,2264000,JP04,Miyagi
Akita-ken,5000,1975,1232481,JP05,Akita
Akita-ken,5000,1976,1239000,JP05,Akita
Akita-ken,5000,1977,1245000,JP05,Akita
Akita-ken,5000,1978,1250000,JP05,Akita
Akita-ken,5000,1979,1254000,JP05,Akita
Akita-ken,5000,1980,1256745,JP05,Akita
Akita-ken,5000,1981,1259000,JP05,Akita
Akita-ken,5000,1982,1258000,JP05,Akita
Akita-ken,5000,1983,1256000,JP05,Akita
Akita-ken,5000,1984,1255000,JP05,Akita
Akita-ken,5000,1985,1254032,JP05,Akita
Akita-ken,5000,1986,1249000,JP05,Akita
Akita-ken,5000,1987,1244000,JP05,Akita
Akita-ken,5000,1988,1238000,JP05,Akita
Akita-ken,5000,1989,1232000,JP05,Akita
Akita-ken,5000,1990,1227478,JP05,Akita
Akita-ken,5000,1991,1223000,JP05,Akita
Akita-ken,5000,1992,1220000,JP05,Akita
Akita-ken,5000,1993,1217000,JP05,Akita
Akita-ken,5000,1994,1216000,JP05,Akita
Akita-ken,5000,1995,1213667,JP05,Akita
Akita-ken,5000,1996,1210000,JP05,Akita
Akita-ken,5000,1997,1205000,JP05,Akita
Akita-ken,5000,1998,1200000,JP05,Akita
Akita-ken,5000,1999,1195000,JP05,Akita
Akita-ken,5000,2000,1189279,JP05,Akita
Akita-ken,5000,2001,1183000,JP05,Akita
Akita-ken,5000,2002,1175000,JP05,Akita
Akita-ken,5000,2003,1165000,JP05,Akita
Akita-ken,5000,2004,1156000,JP05,Akita
Akita-ken,5000,2005,1145501,JP05,Akita
Akita-ken,5000,2006,1134000,JP05,Akita
Akita-ken,5000,2007,1121000,JP05,Akita
Akita-ken,5000,2008,1109000,JP05,Akita
Akita-ken,5000,2009,1097000,JP05,Akita
Akita-ken,5000,2010,1085997,JP05,Akita
Akita-ken,5000,2011,1075000,JP05,Akita
Akita-ken,5000,2012,1063000,JP05,Akita
Akita-ken,5000,2013,1050000,JP05,Akita
Akita-ken,5000,2014,1037000,JP05,Akita
Akita-ken,5000,2015,1023119,JP05,Akita
Akita-ken,5000,2016,1011000,JP05,Akita
Akita-ken,5000,2017,999000,JP05,Akita
Akita-ken,5000,2018,985000,JP05,Akita
Akita-ken,5000,2019,972000,JP05,Akita
Akita-ken,5000,2020,959502,JP05,Akita
Akita-ken,5000,2021,945000,JP05,Akita
Akita-ken,5000,2022,930000,JP05,Akita
Akita-ken,5000,2023,914000,JP05,Akita
Yamagata-ken,6000,1975,1220302,JP06,Yamagata
Yamagata-ken,6000,1976,1227000,JP06,Yamagata
Yamagata-ken,6000,1977,1234000,JP06,Yamagata
Yamagata-ken,6000,1978,1241000,JP06,Yamagata
Yamagata-ken,6000,1979,1247000,JP06,Yamagata
Yamagata-ken,6000,1980,1251917,JP06,Yamagata
Yamagata-ken,6000,1981,1255000,JP06,Yamagata
Yamagata-ken,6000,1982,1257000,JP06,Yamagata
Yamagata-ken,6000,1983,1258000,JP06,Yamagata
Yamagata-ken,6000,1984,1260000,JP06,Yamagata
Yamagata-ken,6000,1985,1261662,JP06,Yamagata
Yamagata-ken,6000,1986,1262000,JP06,Yamagata
Yamagata-ken,6000,1987,1262000,JP06,Yamagata
Yamagata-ken,6000,1988,1262000,JP06,Yamagata
Yamagata-ken,6000,1989,1260000,JP06,Yamagata
Yamagata-ken,6000,1990,1258390,JP06,Yamagata
Yamagata-ken,6000,1991,1257000,JP06,Yamagata
Yamagata-ken,6000,1992,1257000,JP06,Yamagata
Yamagata-ken,6000,1993,1256000,JP06,Yamagata
Yamagata-ken,6000,1994,1256000,JP06,Yamagata
Yamagata-ken,6000,1995,1256958,JP06,Yamagata
Yamagata-ken,6000,1996,1255000,JP06,Yamagata
Yamagata-ken,6000,1997,1253000,JP06,Yamagata
Yamagata-ken,6000,1998,1251000,JP06,Yamagata
Yamagata-ken,6000,1999,1247000,JP06,Yamagata
Yamagata-ken,6000,2000,1244147,JP06,Yamagata
Yamagata-ken,6000,2001,1241000,JP06,Yamagata
Yamagata-ken,6000,2002,1236000,JP06,Yamagata
Yamagata-ken,6000,2003,1230000,JP06,Yamagata
Yamagata-ken,6000,2004,1224000,JP06,Yamagata
Yamagata-ken,6000,2005,1216181,JP06,Yamagata
Yamagata-ken,6000,2006,1207000,JP06,Yamagata
Yamagata-ken,6000,2007,1198000,JP06,Yamagata
Yamagata-ken,6000,2008,1188000,JP06,Yamagata
Yamagata-ken,6000,2009,1178000,JP06,Yamagata
Yamagata-ken,6000,2010,1168924,JP06,Yamagata
Yamagata-ken,6000,2011,1162000,JP06,Yamagata
Yamagata-ken,6000,2012,1153000,JP06,Yamagata
Yamagata-ken,6000,2013,1144000,JP06,Yamagata
Yamagata-ken,6000,2014,1134000,JP06,Yamagata
Yamagata-ken,6000,2015,1123891,JP06,Yamagata
Yamagata-ken,6000,2016,1114000,JP06,Yamagata
Yamagata-ken,6000,2017,1103000,JP06,Yamagata
Yamagata-ken,6000,2018,1092000,JP06,Yamagata
Yamagata-ken,6000,2019,1080000,JP06,Yamagata
Yamagata-ken,6000,2020,1068027,JP06,Yamagata
Yamagata-ken,6000,2021,1055000,JP06,Yamagata
Yamagata-ken,6000,2022,1041000,JP06,Yamagata
Yamagata-ken,6000,2023,1026000,JP06,Yamagata
Fukushima-ken,7000,1975,1970616,JP07,Fukushima
Fukushima-ken,7000,1976,1984000,JP07,Fukushima
Fukushima-ken,7000,1977,1998000,JP07,Fukushima
Fukushima-ken,7000,1978,2012000,JP07,Fukushima
Fukushima-ken,7000,1979,2023000,JP07,Fukushima
Fukushima-ken,7000,1980,2035272,JP07,Fukushima
Fukushima-ken,7000,1981,2043000,JP07,Fukushima
Fukushima-ken,7000,1982,2052000,JP07,Fukushima
Fukushima-ken,7000,1983,2061000,JP07,Fukushima
Fukushima-ken,7000,1984,2071000,JP07,Fukushima
Fukushima-ken,7000,1985,2080304,JP07,Fukushima
Fukushima-ken,7000,1986,2085000,JP07,Fukushima
Fukushima-ken,7000,1987,2091000,JP07,Fukushima
Fukushima-ken,7000,1988,2095000,JP07,Fukushima
Fukushima-ken,7000,1989,2100000,JP07,Fukushima
Fukushima-ken,7000,1990,2104058,JP07,Fukushima
Fukushima-ken,7000,1991,2109000,JP07,Fukushima
Fukushima-ken,7000,1992,2116000,JP07,Fukushima
Fukushima-ken,7000,1993,2123000,JP07,Fukushima
Fukushima-ken,7000,1994,2129000,JP07,Fukushima
Fukushima-ken,7000,1995,2133592,JP07,Fukushima
Fukushima-ken,7000,1996,2134000,JP07,Fukushima
Fukushima-ken,7000,1997,2134000,JP07,Fukushima
Fukushima-ken,7000,1998,2132000,JP07,Fukushima
Fukushima-ken,7000,1999,2129000,JP07,Fukushima
Fukushima-ken,7000,2000,2126935,JP07,Fukushima
Fukushima-ken,7000,2001,2124000,JP07,Fukushima
Fukushima-ken,7000,2002,2118000,JP07,Fukushima
Fukushima-ken,7000,2003,2110000,JP07,Fukushima
Fukushima-ken,7000,2004,2102000,JP07,Fukushima
Fukushima-ken,7000,2005,2091319,JP07,Fukushima
Fukushima-ken,7000,2006,2080000,JP07,Fukushima
Fukushima-ken,7000,2007,2067000,JP07,Fukushima
Fukushima-ken,7000,2008,2054000,JP07,Fukushima
Fukushima-ken,7000,2009,2041000,JP07,Fukushima
Fukushima-ken,7000,2010,2029064,JP07,Fukushima
Fukushima-ken,7000,2011,1988000,JP07,Fukushima
Fukushima-ken,7000,2012,1957000,JP07,Fukushima
Fukushima-ken,7000,2013,1940000,JP07,Fukushima
Fukushima-ken,7000,2014,1927000,JP07,Fukushima
Fukushima-ken,7000,2015,1914039,JP07,Fukushima
Fukushima-ken,7000,2016,1903000,JP07,Fukushima
Fukushima-ken,7000,2017,1886000,JP07,Fukushima
Fukushima-ken,7000,2018,1869000,JP07,Fukushima
Fukushima-ken,7000,2019,1852000,JP07,Fukushima
Fukushima-ken,7000,2020,1833152,JP07,Fukushima
Fukushima-ken,7000,2021,1812000,JP07,Fukushima
Fukushima-ken,7000,2022,1790000,JP07,Fukushima
Fukushima-ken,7000,2023,1767000,JP07,Fukushima
Ibaraki-ken,8000,1975,2342198,JP08,Ibaraki
Ibaraki-ken,8000,1976,2380000,JP08,Ibaraki
Ibaraki-ken,8000,1977,2417000,JP08,Ibaraki
Ibaraki-ken,8000,1978,2463000,JP08,Ibaraki
Ibaraki-ken,8000,1979,2510000,JP08,Ibaraki
Ibaraki-ken,8000,1980,2558007,JP08,Ibaraki
Ibaraki-ken,8000,1981,2595000,JP08,Ibaraki
Ibaraki-ken,8000,1982,2636000,JP08,Ibaraki
Ibaraki-ken,8000,1983,2670000,JP08,Ibaraki
Ibaraki-ken,8000,1984,2698000,JP08,Ibaraki
Ibaraki-ken,8000,1985,2725005,JP08,Ibaraki
Ibaraki-ken,8000,1986,2746000,JP08,Ibaraki
Ibaraki-ken,8000,1987,2769000,JP08,Ibaraki
Ibaraki-ken,8000,1988,2795000,JP08,Ibaraki
Ibaraki-ken,8000,1989,2822000,JP08,Ibaraki
Ibaraki-ken,8000,1990,2845382,JP08,Ibaraki
Ibaraki-ken,8000,1991,2871000,JP08,Ibaraki
Ibaraki-ken,8000,1992,2898000,JP08,Ibaraki
Ibaraki-ken,8000,1993,2920000,JP08,Ibaraki
Ibaraki-ken,8000,1994,2940000,JP08,Ibaraki
Ibaraki-ken,8000,1995,2955530,JP08,Ibaraki
Ibaraki-ken,8000,1996,2966000,JP08,Ibaraki
Ibaraki-ken,8000,1997,2973000,JP08,Ibaraki
Ibaraki-ken,8000,1998,2980000,JP08,Ibaraki
Ibaraki-ken,8000,1999,2981000,JP08,Ibaraki
Ibaraki-ken,8000,2000,2985676,JP08,Ibaraki
Ibaraki-ken,8000,2001,2990000,JP08,Ibaraki
Ibaraki-ken,8000,2002,2987000,JP08,Ibaraki
Ibaraki-ken,8000,2003,2985000,JP08,Ibaraki
Ibaraki-ken,8000,2004,2982000,JP08,Ibaraki
Ibaraki-ken,8000,2005,2975167,JP08,Ibaraki
Ibaraki-ken,8000,2006,2974000,JP08,Ibaraki
Ibaraki-ken,8000,2007,2973000,JP08,Ibaraki
Ibaraki-ken,8000,2008,2971000,JP08,Ibaraki
Ibaraki-ken,8000,2009,2970000,JP08,Ibaraki
Ibaraki-ken,8000,2010,2969770,JP08,Ibaraki
Ibaraki-ken,8000,2011,2960000,JP08,Ibaraki
Ibaraki-ken,8000,2012,2947000,JP08,Ibaraki
Ibaraki-ken,8000,2013,2937000,JP08,Ibaraki
Ibaraki-ken,8000,2014,2927000,JP08,Ibaraki
Ibaraki-ken,8000,2015,2916976,JP08,Ibaraki
Ibaraki-ken,8000,2016,2910000,JP08,Ibaraki
Ibaraki-ken,8000,2017,2902000,JP08,Ibaraki
Ibaraki-ken,8000,2018,2892000,JP08,Ibaraki
Ibaraki-ken,8000,2019,2879000,JP08,Ibaraki
Ibaraki-ken,8000,2020,2867009,JP08,Ibaraki
Ibaraki-ken,8000,2021,2852000,JP08,Ibaraki
Ibaraki-ken,8000,2022,2840000,JP08,Ibaraki
Ibaraki-ken,8000,2023,2825000,JP08,Ibaraki
Tochigi-ken,9000,1975,1698003,JP09,Tochigi
Tochigi-ken,9000,1976,1717000,JP09,Tochigi
Tochigi-ken,9000,1977,1736000,JP09,Tochigi
Tochigi-ken,9000,1978,1753000,JP09,Tochigi
Tochigi-ken,9000,1979,1775000,JP09,Tochigi
Tochigi-ken,9000,1980,1792201,JP09,Tochigi
Tochigi-ken,9000,1981,1807000,JP09,Tochigi
Tochigi-ken,9000,1982,1822000,JP09,Tochigi
Tochigi-ken,9000,1983,1835000,JP09,Tochigi
Tochigi-ken,9000,1984,1850000,JP09,Tochigi
Tochigi-ken,9000,1985,1866066,JP09,Tochigi
Tochigi-ken,9000,1986,1880000,JP09,Tochigi
Tochigi-ken,9000,1987,1895000,JP09,Tochigi
Tochigi-ken,9000,1988,1908000,JP09,Tochigi
Tochigi-ken,9000,1989,1921000,JP09,Tochigi
Tochigi-ken,9000,1990,1935168,JP09,Tochigi
Tochigi-ken,9000,1991,1948000,JP09,Tochigi
Tochigi-ken,9000,1992,1959000,JP09,Tochigi
Tochigi-ken,9000,1993,1969000,JP09,Tochigi
Tochigi-ken,9000,1994,1977000,JP09,Tochigi
Tochigi-ken,9000,1995,1984390,JP09,Tochigi
Tochigi-ken,9000,1996,1991000,JP09,Tochigi
Tochigi-ken,9000,1997,1996000,JP09,Tochigi
Tochigi-ken,9000,1998,2001000,JP09,Tochigi
Tochigi-ken,9000,1999,2003000,JP09,Tochigi
Tochigi-ken,9000,2000,2004817,JP09,Tochigi
Tochigi-ken,9000,2001,2011000,JP09,Tochigi
Tochigi-ken,9000,2002,2012000,JP09,Tochigi
Tochigi-ken,9000,2003,2014000,JP09,Tochigi
Tochigi-ken,9000,2004,2016000,JP09,Tochigi
Tochigi-ken,9000,2005,2016631,JP09,Tochigi
Tochigi-ken,9000,2006,2016000,JP09,Tochigi
Tochigi-ken,9000,2007,2016000,JP09,Tochigi
Tochigi-ken,9000,2008,2015000,JP09,Tochigi
Tochigi-ken,9000,2009,2011000,JP09,Tochigi
Tochigi-ken,9000,2010,2007683,JP09,Tochigi
Tochigi-ken,9000,2011,2000000,JP09,Tochigi
Tochigi-ken,9000,2012,1992000,JP09,Tochigi
Tochigi-ken,9000,2013,1986000,JP09,Tochigi
Tochigi-ken,9000,2014,1980000,JP09,Tochigi
Tochigi-ken,9000,2015,1974255,JP09,Tochigi
Tochigi-ken,9000,2016,1969000,JP09,Tochigi
Tochigi-ken,9000,2017,1962000,JP09,Tochigi
Tochigi-ken,9000,2018,1953000,JP09,Tochigi
Tochigi-ken,9000,2019,1943000,JP09,Tochigi
Tochigi-ken,9000,2020,1933146,JP09,Tochigi
Tochigi-ken,9000,2021,1921000,JP09,Tochigi
Tochigi-ken,9000,2022,1909000,JP09,Tochigi
Tochigi-ken,9000,2023,1897000,JP09,Tochigi
Gumma-ken,10000,1975,1756480,JP10,Gumma
Gumma-ken,10000,1976,1778000,JP10,Gumma
Gumma-ken,10000,1977,1799000,JP10,Gumma
Gumma-ken,10000,1978,1817000,JP10,Gumma
Gumma-ken,10000,1979,1833000,JP10,Gumma
Gumma-ken,10000,1980,1848562,JP10,Gumma
Gumma-ken,10000,1981,1864000,JP10,Gumma
Gumma-ken,10000,1982,1879000,JP10,Gumma
Gumma-ken,10000,1983,1893000,JP10,Gumma
Gumma-ken,10000,1984,1908000,JP10,Gumma
Gumma-ken,10000,1985,1921259,JP10,Gumma
Gumma-ken,10000,1986,1931000,JP10,Gumma
Gumma-ken,10000,1987,1941000,JP10,Gumma
Gumma-ken,10000,1988,1949000,JP10,Gumma
Gumma-ken,10000,1989,1959000,JP10,Gumma
Gumma-ken,10000,1990,1966265,JP10,Gumma
Gumma-ken,10000,1991,1974000,JP10,Gumma
Gumma-ken,10000,1992,1984000,JP10,Gumma
Gumma-ken,10000,1993,1990000,JP10,Gumma
Gumma-ken,10000,1994,1996000,JP10,Gumma
Gumma-ken,10000,1995,2003540,JP10,Gumma
Gumma-ken,10000,1996,2009000,JP10,Gumma
Gumma-ken,10000,1997,2013000,JP10,Gumma
Gumma-ken,10000,1998,2017000,JP10,Gumma
Gumma-ken,10000,1999,2020000,JP10,Gumma
Gumma-ken,10000,2000,2024852,JP10,Gumma
Gumma-ken,10000,2001,2029000,JP10,Gumma
Gumma-ken,10000,2002,2030000,JP10,Gumma
Gumma-ken,10000,2003,2030000,JP10,Gumma
Gumma-ken,10000,2004,2027000,JP10,Gumma
Gumma-ken,10000,2005,2024135,JP10,Gumma
Gumma-ken,10000,2006,2022000,JP10,Gumma
Gumma-ken,10000,2007,2020000,JP10,Gumma
Gumma-ken,10000,2008,2017000,JP10,Gumma
Gumma-ken,10000,2009,2014000,JP10,Gumma
Gumma-ken,10000,2010,2008068,JP10,Gumma
Gumma-ken,10000,2011,2001000,JP10,Gumma
Gumma-ken,10000,2012,1994000,JP10,Gumma
Gumma-ken,10000,2013,1986000,JP10,Gumma
Gumma-ken,10000,2014,1979000,JP10,Gumma
Gumma-ken,10000,2015,1973115,JP10,Gumma
Gumma-ken,10000,2016,1969000,JP10,Gumma
Gumma-ken,10000,2017,1963000,JP10,Gumma
Gumma-ken,10000,2018,1957000,JP10,Gumma
Gumma-ken,10000,2019,1949000,JP10,Gumma
Gumma-ken,10000,2020,1939110,JP10,Gumma
Gumma-ken,10000,2021,1927000,JP10,Gumma
Gumma-ken,10000,2022,1913000,JP10,Gumma
Gumma-ken,10000,2023,1902000,JP10,Gumma
Saitama-ken,11000,1975,4821340,JP11,Saitama
Saitama-ken,11000,1976,4964000,JP11,Saitama
Saitama-ken,11000,1977,5091000,JP11,Saitama
Saitama-ken,11000,1978,5208000,JP11,Saitama
Saitama-ken,11000,1979,5318000,JP11,Saitama
Saitama-ken,11000,1980,5420480,JP11,Saitama
Saitama-ken,11000,1981,5520000,JP11,Saitama
Saitama-ken,11000,1982,5615000,JP11,Saitama
Saitama-ken,11000,1983,5700000,JP11,Saitama
Saitama-ken,11000,1984,5784000,JP11,Saitama
Saitama-ken,11000,1985,5863678,JP11,Saitama
Saitama-ken,11000,1986,5954000,JP11,Saitama
Saitama-ken,11000,1987,6071000,JP11,Saitama
Saitama-ken,11000,1988,6195000,JP11,Saitama
Saitama-ken,11000,1989,6308000,JP11,Saitama
Saitama-ken,11000,1990,6405319,JP11,Saitama
Saitama-ken,11000,1991,6486000,JP11,Saitama
Saitama-ken,11000,1992,6567000,JP11,Saitama
Saitama-ken,11000,1993,6640000,JP11,Saitama
Saitama-ken,11000,1994,6703000,JP11,Saitama
Saitama-ken,11000,1995,6759311,JP11,Saitama
Saitama-ken,11000,1996,6804000,JP11,Saitama
Saitama-ken,11000,1997,6841000,JP11,Saitama
Saitama-ken,11000,1998,6877000,JP11,Saitama
Saitama-ken,11000,1999,6906000,JP11,Saitama
Saitama-ken,11000,2000,6938006,JP11,Saitama
Saitama-ken,11000,2001,6977000,JP11,Saitama
Saitama-ken,11000,2002,7000000,JP11,Saitama
Saitama-ken,11000,2003,7028000,JP11,Saitama
Saitama-ken,11000,2004,7046000,JP11,Saitama
Saitama-ken,11000,2005,7054243,JP11,Saitama
Saitama-ken,11000,2006,7079000,JP11,Saitama
Saitama-ken,11000,2007,7106000,JP11,Saitama
Saitama-ken,11000,2008,7136000,JP11,Saitama
Saitama-ken,11000,2009,7161000,JP11,Saitama
Saitama-ken,11000,2010,7194556,JP11,Saitama
Saitama-ken,11000,2011,7209000,JP11,Saitama
Saitama-ken,11000,2012,7216000,JP11,Saitama
Saitama-ken,11000,2013,7228000,JP11,Saitama
Saitama-ken,11000,2014,7247000,JP11,Saitama
Saitama-ken,11000,2015,7266534,JP11,Saitama
Saitama-ken,11000,2016,7288000,JP11,Saitama
Saitama-ken,11000,2017,7307000,JP11,Saitama
Saitama-ken,11000,2018,7325000,JP11,Saitama
Saitama-ken,11000,2019,7342000,JP11,Saitama
Saitama-ken,11000,2020,7344765,JP11,Saitama
Saitama-ken,11000,2021,7340000,JP11,Saitama
Saitama-ken,11000,2022,7337000,JP11,Saitama
Saitama-ken,11000,2023,7331000,JP11,Saitama
Chiba-ken,12000,1975,4149147,JP12,Chiba
Chiba-ken,12000,1976,4267000,JP12,Chiba
Chiba-ken,12000,1977,4382000,JP12,Chiba
Chiba-ken,12000,1978,4508000,JP12,Chiba
Chiba-ken,12000,1979,4626000,JP12,Chiba
Chiba-ken,12000,1980,4735424,JP12,Chiba
Chiba-ken,12000,1981,4834000,JP12,Chiba
Chiba-ken,12000,1982,4923000,JP12,Chiba
Chiba-ken,12000,1983,5005000,JP12,Chiba
Chiba-ken,12000,1984,5079000,JP12,Chiba
Chiba-ken,12000,1985,5148163,JP12,Chiba
Chiba-ken,12000,1986,5219000,JP12,Chiba
Chiba-ken,12000,1987,5307000,JP12,Chiba
Chiba-ken,12000,1988,5403000,JP12,Chiba
Chiba-ken,12000,1989,5487000,JP12,Chiba
Chiba-ken,12000,1990,5555429,JP12,Chiba
Chiba-ken,12000,1991,5617000,JP12,Chiba
Chiba-ken,12000,1992,5679000,JP12,Chiba
Chiba-ken,12000,1993,5731000,JP12,Chiba
Chiba-ken,12000,1994,5767000,JP12,Chiba
Chiba-ken,12000,1995,5797782,JP12,Chiba
Chiba-ken,12000,1996,5817000,JP12,Chiba
Chiba-ken,12000,1997,5839000,JP12,Chiba
Chiba-ken,12000,1998,5867000,JP12,Chiba
Chiba-ken,12000,1999,5893000,JP12,Chiba
Chiba-ken,12000,2000,5926285,JP12,Chiba
Chiba-ken,12000,2001,5970000,JP12,Chiba
Chiba-ken,12000,2002,5998000,JP12,Chiba
Chiba-ken,12000,2003,6030000,JP12,Chiba
Chiba-ken,12000,2004,6047000,JP12,Chiba
Chiba-ken,12000,2005,6056462,JP12,Chiba
Chiba-ken,12000,2006,6084000,JP12,Chiba
Chiba-ken,12000,2007,6119000,JP12,Chiba
Chiba-ken,12000,2008,6153000,JP12,Chiba
Chiba-ken,12000,2009,6180000,JP12,Chiba
Chiba-ken,12000,2010,6216289,JP12,Chiba
Chiba-ken,12000,2011,6217000,JP12,Chiba
Chiba-ken,12000,2012,6200000,JP12,Chiba
Chiba-ken,12000,2013,6201000,JP12,Chiba
Chiba-ken,12000,2014,6209000,JP12,Chiba
Chiba-ken,12000,2015,6222666,JP12,Chiba
Chiba-ken,12000,2016,6242000,JP12,Chiba
Chiba-ken,12000,2017,6258000,JP12,Chiba
Chiba-ken,12000,2018,6273000,JP12,Chiba
Chiba-ken,12000,2019,6283000,JP12,Chiba
Chiba-ken,12000,2020,6284480,JP12,Chiba
Chiba-ken,12000,2021,6275000,JP12,Chiba
Chiba-ken,12000,2022,6266000,JP12,Chiba
Chiba-ken,12000,2023,6257000,JP12,Chiba
Tokyo-to,13000,1975,11673554,JP13,Tokyo
Tokyo-to,13000,1976,11674000,JP13,Tokyo
Tokyo-to,13000,1977,11669000,JP13,Tokyo
Tokyo-to,13000,1978,11659000,JP13,Tokyo
Tokyo-to,13000,1979,11637000,JP13,Tokyo
Tokyo-to,13000,1980,11618281,JP13,Tokyo
Tokyo-to,13000,1981,11626000,JP13,Tokyo
Tokyo-to,13000,1982,11650000,JP13,Tokyo
Tokyo-to,13000,1983,11700000,JP13,Tokyo
Tokyo-to,13000,1984,11759000,JP13,Tokyo
Tokyo-to,13000,1985,11829363,JP13,Tokyo
Tokyo-to,13000,1986,11888000,JP13,Tokyo
Tokyo-to,13000,1987,11887000,JP13,Tokyo
Tokyo-to,13000,1988,11873000,JP13,Tokyo
Tokyo-to,13000,1989,11863000,JP13,Tokyo
Tokyo-to,13000,1990,11855563,JP13,Tokyo
Tokyo-to,13000,1991,11894000,JP13,Tokyo
Tokyo-to,13000,1992,11887000,JP13,Tokyo
Tokyo-to,13000,1993,11849000,JP13,Tokyo
Tokyo-to,13000,1994,11796000,JP13,Tokyo
Tokyo-to,13000,1995,11773605,JP13,Tokyo
Tokyo-to,13000,1996,11808000,JP13,Tokyo
Tokyo-to,13000,1997,11881000,JP13,Tokyo
Tokyo-to,13000,1998,11939000,JP13,Tokyo
Tokyo-to,13000,1999,11983000,JP13,Tokyo
Tokyo-to,13000,2000,12064101,JP13,Tokyo
Tokyo-to,13000,2001,12165000,JP13,Tokyo
Tokyo-to,13000,2002,12271000,JP13,Tokyo
Tokyo-to,13000,2003,12388000,JP13,Tokyo
Tokyo-to,13000,2004,12482000,JP13,Tokyo
Tokyo-to,13000,2005,12576601,JP13,Tokyo
Tokyo-to,13000,2006,12704000,JP13,Tokyo
Tokyo-to,13000,2007,12848000,JP13,Tokyo
Tokyo-to,13000,2008,12973000,JP13,Tokyo
Tokyo-to,13000,2009,13048000,JP13,Tokyo
Tokyo-to,13000,2010,13159388,JP13,Tokyo
Tokyo-to,13000,2011,13198000,JP13,Tokyo
Tokyo-to,13000,2012,13234000,JP13,Tokyo
Tokyo-to,13000,2013,13307000,JP13,Tokyo
Tokyo-to,13000,2014,13399000,JP13,Tokyo
Tokyo-to,13000,2015,13515271,JP13,Tokyo
Tokyo-to,13000,2016,13646000,JP13,Tokyo
Tokyo-to,13000,2017,13768000,JP13,Tokyo
Tokyo-to,13000,2018,13887000,JP13,Tokyo
Tokyo-to,13000,2019,14007000,JP13,Tokyo
Tokyo-to,13000,2020,14047594,JP13,Tokyo
Tokyo-to,13000,2021,14010000,JP13,Tokyo
Tokyo-to,13000,2022,14038000,JP13,Tokyo
Tokyo-to,13000,2023,14086000,JP13,Tokyo
Kanagawa-ken,14000,1975,6397748,JP14,Kanagawa
Kanagawa-ken,14000,1976,6510000,JP14,Kanagawa
Kanagawa-ken,14000,1977,6616000,JP14,Kanagawa
Kanagawa-ken,14000,1978,6728000,JP14,Kanagawa
Kanagawa-ken,14000,1979,6832000,JP14,Kanagawa
Kanagawa-ken,14000,1980,6924348,JP14,Kanagawa
Kanagawa-ken,14000,1981,7022000,JP14,Kanagawa
Kanagawa-ken,14000,1982,7127000,JP14,Kanagawa
Kanagawa-ken,14000,1983,7227000,JP14,Kanagawa
Kanagawa-ken,14000,1984,7328000,JP14,Kanagawa
Kanagawa-ken,14000,1985,7431974,JP14,Kanagawa
Kanagawa-ken,14000,1986,7553000,JP14,Kanagawa
Kanagawa-ken,14000,1987,7684000,JP14,Kanagawa
Kanagawa-ken,14000,1988,7794000,JP14,Kanagawa
Kanagawa-ken,14000,1989,7891000,JP14,Kanagawa
Kanagawa-ken,14000,1990,7980391,JP14,Kanagawa
Kanagawa-ken,14000,1991,8050000,JP14,Kanagawa
Kanagawa-ken,14000,1992,8116000,JP14,Kanagawa
Kanagawa-ken,14000,1993,8166000,JP14,Kanagawa
Kanagawa-ken,14000,1994,8207000,JP14,Kanagawa
Kanagawa-ken,14000,1995,8245900,JP14,Kanagawa
Kanagawa-ken,14000,1996,8279000,JP14,Kanagawa
Kanagawa-ken,14000,1997,8319000,JP14,Kanagawa
Kanagawa-ken,14000,1998,8383000,JP14,Kanagawa
Kanagawa-ken,14000,1999,8432000,JP14,Kanagawa
Kanagawa-ken,14000,2000,8489974,JP14,Kanagawa
Kanagawa-ken,14000,2001,8575000,JP14,Kanagawa
Kanagawa-ken,14000,2002,8636000,JP14,Kanagawa
Kanagawa-ken,14000,2003,8702000,JP14,Kanagawa
Kanagawa-ken,14000,2004,8753000,JP14,Kanagawa
Kanagawa-ken,14000,2005,8791597,JP14,Kanagawa
Kanagawa-ken,14000,2006,8846000,JP14,Kanagawa
Kanagawa-ken,14000,2007,8912000,JP14,Kanagawa
Kanagawa-ken,14000,2008,8965000,JP14,Kanagawa
Kanagawa-ken,14000,2009,9006000,JP14,Kanagawa
Kanagawa-ken,14000,2010,9048331,JP14,Kanagawa
Kanagawa-ken,14000,2011,9060000,JP14,Kanagawa
Kanagawa-ken,14000,2012,9070000,JP14,Kanagawa
Kanagawa-ken,14000,2013,9084000,JP14,Kanagawa
Kanagawa-ken,14000,2014,9103000,JP14,Kanagawa
Kanagawa-ken,14000,2015,9126214,JP14,Kanagawa
Kanagawa-ken,14000,2016,9152000,JP14,Kanagawa
Kanagawa-ken,14000,2017,9173000,JP14,Kanagawa
Kanagawa-ken,14000,2018,9197000,JP14,Kanagawa
Kanagawa-ken,14000,2019,9224000,JP14,Kanagawa
Kanagawa-ken,14000,2020,9237337,JP14,Kanagawa
Kanagawa-ken,14000,2021,9236000,JP14,Kanagawa
Kanagawa-ken,14000,2022,9232000,JP14,Kanagawa
Kanagawa-ken,14000,2023,9229000,JP14,Kanagawa
Niigata-ken,15000,1975,2391938,JP15,Niigata
Niigata-ken,15000,1976,2406000,JP15,Niigata
Niigata-ken,15000,1977,2417000,JP15,Niigata
Niigata-ken,15000,1978,2428000,JP15,Niigata
Niigata-ken,15000,1979,2439000,JP15,Niigata
Niigata-ken,15000,1980,2451357,JP15,Niigata
Niigata-ken,15000,1981,2459000,JP15,Niigata
Niigata-ken,15000,1982,2465000,JP15,Niigata
Niigata-ken,15000,1983,2469000,JP15,Niigata
Niigata-ken,15000,1984,2474000,JP15,Niigata
Niigata-ken,15000,1985,2478470,JP15,Niigata
Niigata-ken,15000,1986,2478000,JP15,Niigata
Niigata-ken,15000,1987,2477000,JP15,Niigata
Niigata-ken,15000,1988,2476000,JP15,Niigata
Niigata-ken,15000,1989,2476000,JP15,Niigata
Niigata-ken,15000,1990,2474583,JP15,Niigata
Niigata-ken,15000,1991,2475000,JP15,Niigata
Niigata-ken,15000,1992,2476000,JP15,Niigata
Niigata-ken,15000,1993,2479000,JP15,Niigata
Niigata-ken,15000,1994,2484000,JP15,Niigata
Niigata-ken,15000,1995,2488364,JP15,Niigata
Niigata-ken,15000,1996,2490000,JP15,Niigata
Niigata-ken,15000,1997,2490000,JP15,Niigata
Niigata-ken,15000,1998,2488000,JP15,Niigata
Niigata-ken,15000,1999,2482000,JP15,Niigata
Niigata-ken,15000,2000,2475733,JP15,Niigata
Niigata-ken,15000,2001,2471000,JP15,Niigata
Niigata-ken,15000,2002,2462000,JP15,Niigata
Niigata-ken,15000,2003,2455000,JP15,Niigata
Niigata-ken,15000,2004,2445000,JP15,Niigata
Niigata-ken,15000,2005,2431459,JP15,Niigata
Niigata-ken,15000,2006,2420000,JP15,Niigata
Niigata-ken,15000,2007,2408000,JP15,Niigata
Niigata-ken,15000,2008,2396000,JP15,Niigata
Niigata-ken,15000,2009,2385000,JP15,Niigata
Niigata-ken,15000,2010,2374450,JP15,Niigata
Niigata-ken,15000,2011,2364000,JP15,Niigata
Niigata-ken,15000,2012,2350000,JP15,Niigata
Niigata-ken,15000,2013,2336000,JP15,Niigata
Niigata-ken,15000,2014,2320000,JP15,Niigata
Niigata-ken,15000,2015,2304264,JP15,Niigata
Niigata-ken,15000,2016,2286000,JP15,Niigata
Niigata-ken,15000,2017,2267000,JP15,Niigata
Niigata-ken,15000,2018,2246000,JP15,Niigata
Niigata-ken,15000,2019,2224000,JP15,Niigata
Niigata-ken,15000,2020,2201272,JP15,Niigata
Niigata-ken,15000,2021,2177000,JP15,Niigata
Niigata-ken,15000,2022,2153000,JP15,Niigata
Niigata-ken,15000,2023,2126000,JP15,Niigata
Toyama-ken,16000,1975,1070791,JP16,Toyama
Toyama-ken,16000,1976,1079000,JP16,Toyama
Toyama-ken,16000,1977,1085000,JP16,Toyama
Toyama-ken,16000,1978,1092000,JP16,Toyama
Toyama-ken,16000,1979,1098000,JP16,Toyama
Toyama-ken,16000,1980,1103459,JP16,Toyama
Toyama-ken,16000,1981,1106000,JP16,Toyama
Toyama-ken,16000,1982,1110000,JP16,Toyama
Toyama-ken,16000,1983,1113000,JP16,Toyama
Toyama-ken,16000,1984,1116000,JP16,Toyama
Toyama-ken,16000,1985,1118369,JP16,Toyama
Toyama-ken,16000,1986,1119000,JP16,Toyama
Toyama-ken,16000,1987,1120000,JP16,Toyama
Toyama-ken,16000,1988,1120000,JP16,Toyama
Toyama-ken,16000,1989,1121000,JP16,Toyama
Toyama-ken,16000,1990,1120161,JP16,Toyama
Toyama-ken,16000,1991,1121000,JP16,Toyama
Toyama-ken,16000,1992,1120000,JP16,Toyama
Toyama-ken,16000,1993,1121000,JP16,Toyama
Toyama-ken,16000,1994,1121000,JP16,Toyama
Toyama-ken,16000,1995,1123125,JP16,Toyama
Toyama-ken,16000,1996,1125000,JP16,Toyama
Toyama-ken,16000,1997,1124000,JP16,Toyama
Toyama-ken,16000,1998,1124000,JP16,Toyama
Toyama-ken,16000,1999,1122000,JP16,Toyama
Toyama-ken,16000,2000,1120851,JP16,Toyama
Toyama-ken,16000,2001,1120000,JP16,Toyama
Toyama-ken,16000,2002,1118000,JP16,Toyama
Toyama-ken,16000,2003,1116000,JP16,Toyama
Toyama-ken,16000,2004,1115000,JP16,Toyama
Toyama-ken,16000,2005,1111729,JP16,Toyama
Toyama-ken,16000,2006,1110000,JP16,Toyama
Toyama-ken,16000,2007,1107000,JP16,Toyama
Toyama-ken,16000,2008,1103000,JP16,Toyama
Toyama-ken,16000,2009,1098000,JP16,Toyama
Toyama-ken,16000,2010,1093247,JP16,Toyama
Toyama-ken,16000,2011,1088000,JP16,Toyama
Toyama-ken,16000,2012,1083000,JP16,Toyama
Toyama-ken,16000,2013,1077000,JP16,Toyama
Toyama-ken,16000,2014,1072000,JP16,Toyama
Toyama-ken,16000,2015,1066328,JP16,Toyama
Toyama-ken,16000,2016,1061000,JP16,Toyama
Toyama-ken,16000,2017,1056000,JP16,Toyama
Toyama-ken,16000,2018,1050000,JP16,Toyama
Toyama-ken,16000,2019,1043000,JP16,Toyama
Toyama-ken,16000,2020,1034814,JP16,Toyama
Toyama-ken,16000,2021,1025000,JP16,Toyama
Toyama-ken,16000,2022,1017000,JP16,Toyama
Toyama-ken,16000,2023,1007000,JP16,Toyama
Ishikawa-ken,17000,1975,1069872,JP17,Ishikawa
Ishikawa-ken,17000,1976,1082000,JP17,Ishikawa
Ishikawa-ken,17000,1977,1091000,JP17,Ishikawa
Ishikawa-ken,17000,1978,1100000,JP17,Ishikawa
Ishikawa-ken,17000,1979,1110000,JP17,Ishikawa
Ishikawa-ken,17000,1980,1119304,JP17,Ishikawa
Ishikawa-ken,17000,1981,1127000,JP17,Ishikawa
Ishikawa-ken,17000,1982,1134000,JP17,Ishikawa
Ishikawa-ken,17000,1983,1141000,JP17,Ishikawa
Ishikawa-ken,17000,1984,1147000,JP17,Ishikawa
Ishikawa-ken,17000,1985,1152325,JP17,Ishikawa
Ishikawa-ken,17000,1986,1155000,JP17,Ishikawa
Ishikawa-ken,17000,1987,1158000,JP17,Ishikawa
Ishikawa-ken,17000,1988,1160000,JP17,Ishikawa
Ishikawa-ken,17000,1989,1163000,JP17,Ishikawa
Ishikawa-ken,17000,1990,1164628,JP17,Ishikawa
Ishikawa-ken,17000,1991,1167000,JP17,Ishikawa
Ishikawa-ken,17000,1992,1171000,JP17,Ishikawa
Ishikawa-ken,17000,1993,1173000,JP17,Ishikawa
Ishikawa-ken,17000,1994,1176000,JP17,Ishikawa
Ishikawa-ken,17000,1995,1180068,JP17,Ishikawa
Ishikawa-ken,17000,1996,1181000,JP17,Ishikawa
Ishikawa-ken,17000,1997,1181000,JP17,Ishikawa
Ishikawa-ken,17000,1998,1181000,JP17,Ishikawa
Ishikawa-ken,17000,1999,1180000,JP17,Ishikawa
Ishikawa-ken,17000,2000,1180977,JP17,Ishikawa
Ishikawa-ken,17000,2001,1182000,JP17,Ishikawa
Ishikawa-ken,17000,2002,1180000,JP17,Ishikawa
Ishikawa-ken,17000,2003,1179000,JP17,Ishikawa
Ishikawa-ken,17000,2004,1178000,JP17,Ishikawa
Ishikawa-ken,17000,2005,1174026,JP17,Ishikawa
Ishikawa-ken,17000,2006,1173000,JP17,Ishikawa
Ishikawa-ken,17000,2007,1173000,JP17,Ishikawa
Ishikawa-ken,17000,2008,1172000,JP17,Ishikawa
Ishikawa-ken,17000,2009,1171000,JP17,Ishikawa
Ishikawa-ken,17000,2010,1169788,JP17,Ishikawa
Ishikawa-ken,17000,2011,1167000,JP17,Ishikawa
Ishikawa-ken,17000,2012,1164000,JP17,Ishikawa
Ishikawa-ken,17000,2013,1160000,JP17,Ishikawa
Ishikawa-ken,17000,2014,1157000,JP17,Ishikawa
Ishikawa-ken,17000,2015,1154008,JP17,Ishikawa
Ishikawa-ken,17000,2016,1151000,JP17,Ishikawa
Ishikawa-ken,17000,2017,1148000,JP17,Ishikawa
Ishikawa-ken,17000,2018,1145000,JP17,Ishikawa
Ishikawa-ken,17000,2019,1139000,JP17,Ishikawa
Ishikawa-ken,17000,2020,1132526,JP17,Ishikawa
Ishikawa-ken,17000,2021,1125000,JP17,Ishikawa
Ishikawa-ken,17000,2022,1118000,JP17,Ishikawa
Ishikawa-ken,17000,2023,1109000,JP17,Ishikawa
Fukui-ken,18000,1975,773599,JP18,Fukui
Fukui-ken,18000,1976,779000,JP18,Fukui
Fukui-ken,18000,1977,783000,JP18,Fukui
Fukui-ken,18000,1978,787000,JP18,Fukui
Fukui-ken,18000,1979,791000,JP18,Fukui
Fukui-ken,18000,1980,794354,JP18,Fukui
Fukui-ken,18000,1981,798000,JP18,Fukui
Fukui-ken,18000,1982,803000,JP18,Fukui
Fukui-ken,18000,1983,809000,JP18,Fukui
Fukui-ken,18000,1984,813000,JP18,Fukui
Fukui-ken,18000,1985,817633,JP18,Fukui
Fukui-ken,18000,1986,819000,JP18,Fukui
Fukui-ken,18000,1987,822000,JP18,Fukui
Fukui-ken,18000,1988,822000,JP18,Fukui
Fukui-ken,18000,1989,823000,JP18,Fukui
Fukui-ken,18000,1990,823585,JP18,Fukui
Fukui-ken,18000,1991,823000,JP18,Fukui
Fukui-ken,18000,1992,823000,JP18,Fukui
Fukui-ken,18000,1993,824000,JP18,Fukui
Fukui-ken,18000,1994,825000,JP18,Fukui
Fukui-ken,18000,1995,826996,JP18,Fukui
Fukui-ken,18000,1996,828000,JP18,Fukui
Fukui-ken,18000,1997,828000,JP18,Fukui
Fukui-ken,18000,1998,828000,JP18,Fukui
Fukui-ken,18000,1999,828000,JP18,Fukui
Fukui-ken,18000,2000,828944,JP18,Fukui
Fukui-ken,18000,2001,830000,JP18,Fukui
Fukui-ken,18000,2002,828000,JP18,Fukui
Fukui-ken,18000,2003,827000,JP18,Fukui
Fukui-ken,18000,2004,824000,JP18,Fukui
Fukui-ken,18000,2005,821592,JP18,Fukui
Fukui-ken,18000,2006,820000,JP18,Fukui
Fukui-ken,18000,2007,817000,JP18,Fukui
Fukui-ken,18000,2008,814000,JP18,Fukui
Fukui-ken,18000,2009,810000,JP18,Fukui
Fukui-ken,18000,2010,806314,JP18,Fukui
Fukui-ken,18000,2011,803000,JP18,Fukui
Fukui-ken,18000,2012,800000,JP18,Fukui
Fukui-ken,18000,2013,796000,JP18,Fukui
Fukui-ken,18000,2014,791000,JP18,Fukui
Fukui-ken,18000,2015,786740,JP18,Fukui
Fukui-ken,18000,2016,783000,JP18,Fukui
Fukui-ken,18000,2017,780000,JP18,Fukui
Fukui-ken,18000,2018,777000,JP18,Fukui
Fukui-ken,18000,2019,771000,JP18,Fukui
Fukui-ken,18000,2020,766863,JP18,Fukui
Fukui-ken,18000,2021,760000,JP18,Fukui
Fukui-ken,18000,2022,753000,JP18,Fukui
Fukui-ken,18000,2023,744000,JP18,Fukui
Yamanashi-ken,19000,1975,783050,JP19,Yamanashi
Yamanashi-ken,19000,1976,787000,JP19,Yamanashi
Yamanashi-ken,19000,1977,792000,JP19,Yamanashi
Yamanashi-ken,19000,1978,796000,JP19,Yamanashi
Yamanashi-ken,19000,1979,800000,JP19,Yamanashi
Yamanashi-ken,19000,1980,804256,JP19,Yamanashi
Yamanashi-ken,19000,1981,809000,JP19,Yamanashi
Yamanashi-ken,19000,1982,813000,JP19,Yamanashi
Yamanashi-ken,19000,1983,820000,JP19,Yamanashi
Yamanashi-ken,19000,1984,826000,JP19,Yamanashi
Yamanashi-ken,19000,1985,832832,JP19,Yamanashi
Yamanashi-ken,19000,1986,837000,JP19,Yamanashi
Yamanashi-ken,19000,1987,841000,JP19,Yamanashi
Yamanashi-ken,19000,1988,845000,JP19,Yamanashi
Yamanashi-ken,19000,1989,849000,JP19,Yamanashi
Yamanashi-ken,19000,1990,852966,JP19,Yamanashi
Yamanashi-ken,19000,1991,860000,JP19,Yamanashi
Yamanashi-ken,19000,1992,865000,JP19,Yamanashi
Yamanashi-ken,19000,1993,871000,JP19,Yamanashi
Yamanashi-ken,19000,1994,877000,JP19,Yamanashi
Yamanashi-ken,19000,1995,881996,JP19,Yamanashi
Yamanashi-ken,19000,1996,885000,JP19,Yamanashi
Yamanashi-ken,19000,1997,886000,JP19,Yamanashi
Yamanashi-ken,19000,1998,888000,JP19,Yamanashi
Yamanashi-ken,19000,1999,887000,JP19,Yamanashi
Yamanashi-ken,19000,2000,888172,JP19,Yamanashi
Yamanashi-ken,19000,2001,890000,JP19,Yamanashi
Yamanashi-ken,19000,2002,889000,JP19,Yamanashi
Yamanashi-ken,19000,2003,888000,JP19,Yamanashi
Yamanashi-ken,19000,2004,886000,JP19,Yamanashi
Yamanashi-ken,19000,2005,884515,JP19,Yamanashi
Yamanashi-ken,19000,2006,880000,JP19,Yamanashi
Yamanashi-ken,19000,2007,877000,JP19,Yamanashi
Yamanashi-ken,19000,2008,871000,JP19,Yamanashi
Yamanashi-ken,19000,2009,867000,JP19,Yamanashi
Yamanashi-ken,19000,2010,863075,JP19,Yamanashi
Yamanashi-ken,19000,2011,857000,JP19,Yamanashi
Yamanashi-ken,19000,2012,852000,JP19,Yamanashi
Yamanashi-ken,19000,2013,847000,JP19,Yamanashi
Yamanashi-ken,19000,2014,841000,JP19,Yamanashi
Yamanashi-ken,19000,2015,834930,JP19,Yamanashi
Yamanashi-ken,19000,2016,831000,JP19,Yamanashi
Yamanashi-ken,19000,2017,826000,JP19,Yamanashi
Yamanashi-ken,19000,2018,821000,JP19,Yamanashi
Yamanashi-ken,19000,2019,815000,JP19,Yamanashi
Yamanashi-ken,19000,2020,809974,JP19,Yamanashi
Yamanashi-ken,19000,2021,805000,JP19,Yamanashi
Yamanashi-ken,19000,2022,802000,JP19,Yamanashi
Yamanashi-ken,19000,2023,796000,JP19,Yamanashi
Nagano-ken,20000,1975,2017564,JP20,Nagano
Nagano-ken,20000,1976,2033000,JP20,Nagano
Nagano-ken,20000,1977,2048000,JP20,Nagano
Nagano-ken,20000,1978,2062000,JP20,Nagano
Nagano-ken,20000,1979,2074000,JP20,Nagano
Nagano-ken,20000,1980,2083934,JP20,Nagano
Nagano-ken,20000,1981,2093000,JP20,Nagano
Nagano-ken,20000,1982,2102000,JP20,Nagano
Nagano-ken,20000,1983,2112000,JP20,Nagano
Nagano-ken,20000,1984,2125000,JP20,Nagano
Nagano-ken,20000,1985,2136927,JP20,Nagano
Nagano-ken,20000,1986,2143000,JP20,Nagano
Nagano-ken,20000,1987,2148000,JP20,Nagano
Nagano-ken,20000,1988,2149000,JP20,Nagano
Nagano-ken,20000,1989,2153000,JP20,Nagano
Nagano-ken,20000,1990,2156627,JP20,Nagano
Nagano-ken,20000,1991,2162000,JP20,Nagano
Nagano-ken,20000,1992,2169000,JP20,Nagano
Nagano-ken,20000,1993,2175000,JP20,Nagano
Nagano-ken,20000,1994,2184000,JP20,Nagano
Nagano-ken,20000,1995,2193984,JP20,Nagano
Nagano-ken,20000,1996,2203000,JP20,Nagano
Nagano-ken,20000,1997,2207000,JP20,Nagano
Nagano-ken,20000,1998,2210000,JP20,Nagano
Nagano-ken,20000,1999,2210000,JP20,Nagano
Nagano-ken,20000,2000,2215168,JP20,Nagano
Nagano-ken,20000,2001,2222000,JP20,Nagano
Nagano-ken,20000,2002,2215000,JP20,Nagano
Nagano-ken,20000,2003,2210000,JP20,Nagano
Nagano-ken,20000,2004,2206000,JP20,Nagano
Nagano-ken,20000,2005,2196114,JP20,Nagano
Nagano-ken,20000,2006,2189000,JP20,Nagano
Nagano-ken,20000,2007,2182000,JP20,Nagano
Nagano-ken,20000,2008,2173000,JP20,Nagano
Nagano-ken,20000,2009,2162000,JP20,Nagano
Nagano-ken,20000,2010,2152449,JP20,Nagano
Nagano-ken,20000,2011,2142000,JP20,Nagano
Nagano-ken,20000,2012,2132000,JP20,Nagano
Nagano-ken,20000,2013,2122000,JP20,Nagano
Nagano-ken,20000,2014,2110000,JP20,Nagano
Nagano-ken,20000,2015,2098804,JP20,Nagano
Nagano-ken,20000,2016,2091000,JP20,Nagano
Nagano-ken,20000,2017,2082000,JP20,Nagano
Nagano-ken,20000,2018,2073000,JP20,Nagano
Nagano-ken,20000,2019,2061000,JP20,Nagano
Nagano-ken,20000,2020,2048011,JP20,Nagano
Nagano-ken,20000,2021,2033000,JP20,Nagano
Nagano-ken,20000,2022,2020000,JP20,Nagano
Nagano-ken,20000,2023,2004000,JP20,Nagano
Gifu-ken,21000,1975,1867978,JP21,Gifu
Gifu-ken,21000,1976,1889000,JP21,Gifu
Gifu-ken,21000,1977,1909000,JP21,Gifu
Gifu-ken,21000,1978,1927000,JP21,Gifu
Gifu-ken,21000,1979,1943000,JP21,Gifu
Gifu-ken,21000,1980,1960107,JP21,Gifu
Gifu-ken,21000,1981,1975000,JP21,Gifu
Gifu-ken,21000,1982,1990000,JP21,Gifu
Gifu-ken,21000,1983,2004000,JP21,Gifu
Gifu-ken,21000,1984,2017000,JP21,Gifu
Gifu-ken,21000,1985,2028536,JP21,Gifu
Gifu-ken,21000,1986,2036000,JP21,Gifu
Gifu-ken,21000,1987,2044000,JP21,Gifu
Gifu-ken,21000,1988,2051000,JP21,Gifu
Gifu-ken,21000,1989,2058000,JP21,Gifu
Gifu-ken,21000,1990,2066569,JP21,Gifu
Gifu-ken,21000,1991,2073000,JP21,Gifu
Gifu-ken,21000,1992,2082000,JP21,Gifu
Gifu-ken,21000,1993,2089000,JP21,Gifu
Gifu-ken,21000,1994,2095000,JP21,Gifu
Gifu-ken,21000,1995,2100315,JP21,Gifu
Gifu-ken,21000,1996,2104000,JP21,Gifu
Gifu-ken,21000,1997,2106000,JP21,Gifu
Gifu-ken,21000,1998,2108000,JP21,Gifu
Gifu-ken,21000,1999,2107000,JP21,Gifu
Gifu-ken,21000,2000,2107700,JP21,Gifu
Gifu-ken,21000,2001,2111000,JP21,Gifu
Gifu-ken,21000,2002,2110000,JP21,Gifu
Gifu-ken,21000,2003,2110000,JP21,Gifu
Gifu-ken,21000,2004,2108000,JP21,Gifu
Gifu-ken,21000,2005,2107226,JP21,Gifu
Gifu-ken,21000,2006,2105000,JP21,Gifu
Gifu-ken,21000,2007,2104000,JP21,Gifu
Gifu-ken,21000,2008,2100000,JP21,Gifu
Gifu-ken,21000,2009,2091000,JP21,Gifu
Gifu-ken,21000,2010,2080773,JP21,Gifu
Gifu-ken,21000,2011,2071000,JP21,Gifu
Gifu-ken,21000,2012,2062000,JP21,Gifu
Gifu-ken,21000,2013,2053000,JP21,Gifu
Gifu-ken,21000,2014,2043000,JP21,Gifu
Gifu-ken,21000,2015,2031903,JP21,Gifu
Gifu-ken,21000,2016,2024000,JP21,Gifu
Gifu-ken,21000,2017,2012000,JP21,Gifu
Gifu-ken,21000,2018,2001000,JP21,Gifu
Gifu-ken,21000,2019,1992000,JP21,Gifu
Gifu-ken,21000,2020,1978742,JP21,Gifu
Gifu-ken,21000,2021,1961000,JP21,Gifu
Gifu-ken,21000,2022,1946000,JP21,Gifu
Gifu-ken,21000,2023,1931000,JP21,Gifu
Shizuoka-ken,22000,1975,3308799,JP22,Shizuoka
Shizuoka-ken,22000,1976,3341000,JP22,Shizuoka
Shizuoka-ken,22000,1977,3368000,JP22,Shizuoka
Shizuoka-ken,22000,1978,3396000,JP22,Shizuoka
Shizuoka-ken,22000,1979,3423000,JP22,Shizuoka
Shizuoka-ken,22000,1980,3446804,JP22,Shizuoka
Shizuoka-ken,22000,1981,3472000,JP22,Shizuoka
Shizuoka-ken,22000,1982,3498000,JP22,Shizuoka
Shizuoka-ken,22000,1983,3522000,JP22,Shizuoka
Shizuoka-ken,22000,1984,3547000,JP22,Shizuoka
Shizuoka-ken,22000,1985,3574692,JP22,Shizuoka
Shizuoka-ken,22000,1986,3597000,JP22,Shizuoka
Shizuoka-ken,22000,1987,3619000,JP22,Shizuoka
Shizuoka-ken,22000,1988,3639000,JP22,Shizuoka
Shizuoka-ken,22000,1989,3657000,JP22,Shizuoka
Shizuoka-ken,22000,1990,3670840,JP22,Shizuoka
Shizuoka-ken,22000,1991,3687000,JP22,Shizuoka
Shizuoka-ken,22000,1992,3704000,JP22,Shizuoka
Shizuoka-ken,22000,1993,3716000,JP22,Shizuoka
Shizuoka-ken,22000,1994,3729000,JP22,Shizuoka
Shizuoka-ken,22000,1995,3737689,JP22,Shizuoka
Shizuoka-ken,22000,1996,3745000,JP22,Shizuoka
Shizuoka-ken,22000,1997,3752000,JP22,Shizuoka
Shizuoka-ken,22000,1998,3758000,JP22,Shizuoka
Shizuoka-ken,22000,1999,3761000,JP22,Shizuoka
Shizuoka-ken,22000,2000,3767393,JP22,Shizuoka
Shizuoka-ken,22000,2001,3780000,JP22,Shizuoka
Shizuoka-ken,22000,2002,3784000,JP22,Shizuoka
Shizuoka-ken,22000,2003,3790000,JP22,Shizuoka
Shizuoka-ken,22000,2004,3791000,JP22,Shizuoka
Shizuoka-ken,22000,2005,3792377,JP22,Shizuoka
Shizuoka-ken,22000,2006,3795000,JP22,Shizuoka
Shizuoka-ken,22000,2007,3796000,JP22,Shizuoka
Shizuoka-ken,22000,2008,3793000,JP22,Shizuoka
Shizuoka-ken,22000,2009,3783000,JP22,Shizuoka
Shizuoka-ken,22000,2010,3765007,JP22,Shizuoka
Shizuoka-ken,22000,2011,3752000,JP22,Shizuoka
Shizuoka-ken,22000,2012,3739000,JP22,Shizuoka
Shizuoka-ken,22000,2013,3730000,JP22,Shizuoka
Shizuoka-ken,22000,2014,3715000,JP22,Shizuoka
Shizuoka-ken,22000,2015,3700305,JP22,Shizuoka
Shizuoka-ken,22000,2016,3690000,JP22,Shizuoka
Shizuoka-ken,22000,2017,3681000,JP22,Shizuoka
Shizuoka-ken,22000,2018,3667000,JP22,Shizuoka
Shizuoka-ken,22000,2019,3653000,JP22,Shizuoka
Shizuoka-ken,22000,2020,3633202,JP22,Shizuoka
Shizuoka-ken,22000,2021,3608000,JP22,Shizuoka
Shizuoka-ken,22000,2022,3582000,JP22,Shizuoka
Shizuoka-ken,22000,2023,3555000,JP22,Shizuoka
Aichi-ken,23000,1975,5923569,JP23,Aichi
Aichi-ken,23000,1976,5988000,JP23,Aichi
Aichi-ken,23000,1977,6052000,JP23,Aichi
Aichi-ken,23000,1978,6115000,JP23,Aichi
Aichi-ken,23000,1979,6171000,JP23,Aichi
Aichi-ken,23000,1980,6221638,JP23,Aichi
Aichi-ken,23000,1981,6266000,JP23,Aichi
Aichi-ken,23000,1982,6309000,JP23,Aichi
Aichi-ken,23000,1983,6353000,JP23,Aichi
Aichi-ken,23000,1984,6401000,JP23,Aichi
Aichi-ken,23000,1985,6455172,JP23,Aichi
Aichi-ken,23000,1986,6512000,JP23,Aichi
Aichi-ken,23000,1987,6566000,JP23,Aichi
Aichi-ken,23000,1988,6606000,JP23,Aichi
Aichi-ken,23000,1989,6649000,JP23,Aichi
Aichi-ken,23000,1990,6690603,JP23,Aichi
Aichi-ken,23000,1991,6729000,JP23,Aichi
Aichi-ken,23000,1992,6776000,JP23,Aichi
Aichi-ken,23000,1993,6810000,JP23,Aichi
Aichi-ken,23000,1994,6839000,JP23,Aichi
Aichi-ken,23000,1995,6868336,JP23,Aichi
Aichi-ken,23000,1996,6897000,JP23,Aichi
Aichi-ken,23000,1997,6931000,JP23,Aichi
Aichi-ken,23000,1998,6973000,JP23,Aichi
Aichi-ken,23000,1999,7006000,JP23,Aichi
Aichi-ken,23000,2000,7043300,JP23,Aichi
Aichi-ken,23000,2001,7091000,JP23,Aichi
Aichi-ken,23000,2002,7131000,JP23,Aichi
Aichi-ken,23000,2003,7170000,JP23,Aichi
Aichi-ken,23000,2004,7209000,JP23,Aichi
Aichi-ken,23000,2005,7254704,JP23,Aichi
Aichi-ken,23000,2006,7307000,JP23,Aichi
Aichi-ken,23000,2007,7357000,JP23,Aichi
Aichi-ken,23000,2008,7399000,JP23,Aichi
Aichi-ken,23000,2009,7411000,JP23,Aichi
Aichi-ken,23000,2010,7410719,JP23,Aichi
Aichi-ken,23000,2011,7418000,JP23,Aichi
Aichi-ken,23000,2012,7431000,JP23,Aichi
Aichi-ken,23000,2013,7449000,JP23,Aichi
Aichi-ken,23000,2014,7464000,JP23,Aichi
Aichi-ken,23000,2015,7483128,JP23,Aichi
Aichi-ken,23000,2016,7509000,JP23,Aichi
Aichi-ken,23000,2017,7528000,JP23,Aichi
Aichi-ken,23000,2018,7541000,JP23,Aichi
Aichi-ken,23000,2019,7557000,JP23,Aichi
Aichi-ken,23000,2020,7542415,JP23,Aichi
Aichi-ken,23000,2021,7517000,JP23,Aichi
Aichi-ken,23000,2022,7495000,JP23,Aichi
Aichi-ken,23000,2023,7477000,JP23,Aichi
Mie-ken,24000,1975,1626002,JP24,Mie
Mie-ken,24000,1976,1638000,JP24,Mie
Mie-ken,24000,1977,1649000,JP24,Mie
Mie-ken,24000,1978,1661000,JP24,Mie
Mie-ken,24000,1979,1672000,JP24,Mie
Mie-ken,24000,1980,1686936,JP24,Mie
Mie-ken,24000,1981,1702000,JP24,Mie
Mie-ken,24000,1982,1716000,JP24,Mie
Mie-ken,24000,1983,1728000,JP24,Mie
Mie-ken,24000,1984,1737000,JP24,Mie
Mie-ken,24000,1985,1747311,JP24,Mie
Mie-ken,24000,1986,1756000,JP24,Mie
Mie-ken,24000,1987,1765000,JP24,Mie
Mie-ken,24000,1988,1772000,JP24,Mie
Mie-ken,24000,1989,1782000,JP24,Mie
Mie-ken,24000,1990,1792514,JP24,Mie
Mie-ken,24000,1991,1803000,JP24,Mie
Mie-ken,24000,1992,1814000,JP24,Mie
Mie-ken,24000,1993,1823000,JP24,Mie
Mie-ken,24000,1994,1833000,JP24,Mie
Mie-ken,24000,1995,1841358,JP24,Mie
Mie-ken,24000,1996,1846000,JP24,Mie
Mie-ken,24000,1997,1851000,JP24,Mie
Mie-ken,24000,1998,1855000,JP24,Mie
Mie-ken,24000,1999,1856000,JP24,Mie
Mie-ken,24000,2000,1857339,JP24,Mie
Mie-ken,24000,2001,1862000,JP24,Mie
Mie-ken,24000,2002,1863000,JP24,Mie
Mie-ken,24000,2003,1864000,JP24,Mie
Mie-ken,24000,2004,1867000,JP24,Mie
Mie-ken,24000,2005,1866963,JP24,Mie
Mie-ken,24000,2006,1872000,JP24,Mie
Mie-ken,24000,2007,1873000,JP24,Mie
Mie-ken,24000,2008,1871000,JP24,Mie
Mie-ken,24000,2009,1864000,JP24,Mie
Mie-ken,24000,2010,1854724,JP24,Mie
Mie-ken,24000,2011,1847000,JP24,Mie
Mie-ken,24000,2012,1841000,JP24,Mie
Mie-ken,24000,2013,1833000,JP24,Mie
Mie-ken,24000,2014,1826000,JP24,Mie
Mie-ken,24000,2015,1815865,JP24,Mie
Mie-ken,24000,2016,1809000,JP24,Mie
Mie-ken,24000,2017,1801000,JP24,Mie
Mie-ken,24000,2018,1793000,JP24,Mie
Mie-ken,24000,2019,1783000,JP24,Mie
Mie-ken,24000,2020,1770254,JP24,Mie
Mie-ken,24000,2021,1756000,JP24,Mie
Mie-ken,24000,2022,1742000,JP24,Mie
Mie-ken,24000,2023,1727000,JP24,Mie
Shiga-ken,25000,1975,985621,JP25,Shiga
Shiga-ken,25000,1976,1006000,JP25,Shiga
Shiga-ken,25000,1977,1026000,JP25,Shiga
Shiga-ken,25000,1978,1043000,JP25,Shiga
Shiga-ken,25000,1979,1061000,JP25,Shiga
Shiga-ken,25000,1980,1079898,JP25,Shiga
Shiga-ken,25000,1981,1097000,JP25,Shiga
Shiga-ken,25000,1982,1112000,JP25,Shiga
Shiga-ken,25000,1983,1127000,JP25,Shiga
Shiga-ken,25000,1984,1141000,JP25,Shiga
Shiga-ken,25000,1985,1155844,JP25,Shiga
Shiga-ken,25000,1986,1166000,JP25,Shiga
Shiga-ken,25000,1987,1178000,JP25,Shiga
Shiga-ken,25000,1988,1191000,JP25,Shiga
Shiga-ken,25000,1989,1206000,JP25,Shiga
Shiga-ken,25000,1990,1222411,JP25,Shiga
Shiga-ken,25000,1991,1235000,JP25,Shiga
Shiga-ken,25000,1992,1248000,JP25,Shiga
Shiga-ken,25000,1993,1261000,JP25,Shiga
Shiga-ken,25000,1994,1273000,JP25,Shiga
Shiga-ken,25000,1995,1287005,JP25,Shiga
Shiga-ken,25000,1996,1298000,JP25,Shiga
Shiga-ken,25000,1997,1310000,JP25,Shiga
Shiga-ken,25000,1998,1323000,JP25,Shiga
Shiga-ken,25000,1999,1332000,JP25,Shiga
Shiga-ken,25000,2000,1342832,JP25,Shiga
Shiga-ken,25000,2001,1354000,JP25,Shiga
Shiga-ken,25000,2002,1361000,JP25,Shiga
Shiga-ken,25000,2003,1368000,JP25,Shiga
Shiga-ken,25000,2004,1375000,JP25,Shiga
Shiga-ken,25000,2005,1380361,JP25,Shiga
Shiga-ken,25000,2006,1390000,JP25,Shiga
Shiga-ken,25000,2007,1398000,JP25,Shiga
Shiga-ken,25000,2008,1405000,JP25,Shiga
Shiga-ken,25000,2009,1409000,JP25,Shiga
Shiga-ken,25000,2010,1410777,JP25,Shiga
Shiga-ken,25000,2011,1413000,JP25,Shiga
Shiga-ken,25000,2012,1414000,JP25,Shiga
Shiga-ken,25000,2013,1415000,JP25,Shiga
Shiga-ken,25000,2014,1414000,JP25,Shiga
Shiga-ken,25000,2015,1412916,JP25,Shiga
Shiga-ken,25000,2016,1414000,JP25,Shiga
Shiga-ken,25000,2017,1414000,JP25,Shiga
Shiga-ken,25000,2018,1414000,JP25,Shiga
Shiga-ken,25000,2019,1416000,JP25,Shiga
Shiga-ken,25000,2020,1413610,JP25,Shiga
Shiga-ken,25000,2021,1411000,JP25,Shiga
Shiga-ken,25000,2022,1409000,JP25,Shiga
Shiga-ken,25000,2023,1407000,JP25,Shiga
Kyoto-fu,26000,1975,2424856,JP26,Kyoto
Kyoto-fu,26000,1976,2452000,JP26,Kyoto
Kyoto-fu,26000,1977,2474000,JP26,Kyoto
Kyoto-fu,26000,1978,2494000,JP26,Kyoto
Kyoto-fu,26000,1979,2512000,JP26,Kyoto
Kyoto-fu,26000,1980,2527330,JP26,Kyoto
Kyoto-fu,26000,1981,2539000,JP26,Kyoto
Kyoto-fu,26000,1982,2553000,JP26,Kyoto
Kyoto-fu,26000,1983,2569000,JP26,Kyoto
Kyoto-fu,26000,1984,2578000,JP26,Kyoto
Kyoto-fu,26000,1985,2586574,JP26,Kyoto
Kyoto-fu,26000,1986,2595000,JP26,Kyoto
Kyoto-fu,26000,1987,2601000,JP26,Kyoto
Kyoto-fu,26000,1988,2604000,JP26,Kyoto
Kyoto-fu,26000,1989,2604000,JP26,Kyoto
Kyoto-fu,26000,1990,2602460,JP26,Kyoto
Kyoto-fu,26000,1991,2608000,JP26,Kyoto
Kyoto-fu,26000,1992,2615000,JP26,Kyoto
Kyoto-fu,26000,1993,2618000,JP26,Kyoto
Kyoto-fu,26000,1994,2622000,JP26,Kyoto
Kyoto-fu,26000,1995,2629592,JP26,Kyoto
Kyoto-fu,26000,1996,2634000,JP26,Kyoto
Kyoto-fu,26000,1997,2638000,JP26,Kyoto
Kyoto-fu,26000,1998,2643000,JP26,Kyoto
Kyoto-fu,26000,1999,2645000,JP26,Kyoto
Kyoto-fu,26000,2000,2644391,JP26,Kyoto
Kyoto-fu,26000,2001,2649000,JP26,Kyoto
Kyoto-fu,26000,2002,2648000,JP26,Kyoto
Kyoto-fu,26000,2003,2650000,JP26,Kyoto
Kyoto-fu,26000,2004,2650000,JP26,Kyoto
Kyoto-fu,26000,2005,2647660,JP26,Kyoto
Kyoto-fu,26000,2006,2646000,JP26,Kyoto
Kyoto-fu,26000,2007,2643000,JP26,Kyoto
Kyoto-fu,26000,2008,2640000,JP26,Kyoto
Kyoto-fu,26000,2009,2637000,JP26,Kyoto
Kyoto-fu,26000,2010,2636092,JP26,Kyoto
Kyoto-fu,26000,2011,2633000,JP26,Kyoto
Kyoto-fu,26000,2012,2628000,JP26,Kyoto
Kyoto-fu,26000,2013,2622000,JP26,Kyoto
Kyoto-fu,26000,2014,2616000,JP26,Kyoto
Kyoto-fu,26000,2015,2610353,JP26,Kyoto
Kyoto-fu,26000,2016,2608000,JP26,Kyoto
Kyoto-fu,26000,2017,2604000,JP26,Kyoto
Kyoto-fu,26000,2018,2598000,JP26,Kyoto
Kyoto-fu,26000,2019,2592000,JP26,Kyoto
Kyoto-fu,26000,2020,2578087,JP26,Kyoto
Kyoto-fu,26000,2021,2561000,JP26,Kyoto
Kyoto-fu,26000,2022,2550000,JP26,Kyoto
Kyoto-fu,26000,2023,2535000,JP26,Kyoto
Osaka-fu,27000,1975,8278925,JP27,Osaka
Osaka-fu,27000,1976,8330000,JP27,Osaka
Osaka-fu,27000,1977,8373000,JP27,Osaka
Osaka-fu,27000,1978,8412000,JP27,Osaka
Osaka-fu,27000,1979,8445000,JP27,Osaka
Osaka-fu,27000,1980,8473446,JP27,Osaka
Osaka-fu,27000,1981,8509000,JP27,Osaka
Osaka-fu,27000,1982,8543000,JP27,Osaka
Osaka-fu,27000,1983,8588000,JP27,Osaka
Osaka-fu,27000,1984,8632000,JP27,Osaka
Osaka-fu,27000,1985,8668095,JP27,Osaka
Osaka-fu,27000,1986,8705000,JP27,Osaka
Osaka-fu,27000,1987,8737000,JP27,Osaka
Osaka-fu,27000,1988,8748000,JP27,Osaka
Osaka-fu,27000,1989,8744000,JP27,Osaka
Osaka-fu,27000,1990,8734516,JP27,Osaka
Osaka-fu,27000,1991,8750000,JP27,Osaka
Osaka-fu,27000,1992,8761000,JP27,Osaka
Osaka-fu,27000,1993,8762000,JP27,Osaka
Osaka-fu,27000,1994,8759000,JP27,Osaka
Osaka-fu,27000,1995,8797268,JP27,Osaka
Osaka-fu,27000,1996,8807000,JP27,Osaka
Osaka-fu,27000,1997,8808000,JP27,Osaka
Osaka-fu,27000,1998,8813000,JP27,Osaka
Osaka-fu,27000,1999,8813000,JP27,Osaka
Osaka-fu,27000,2000,8805081,JP27,Osaka
Osaka-fu,27000,2001,8821000,JP27,Osaka
Osaka-fu,27000,2002,8821000,JP27,Osaka
Osaka-fu,27000,2003,8824000,JP27,Osaka
Osaka-fu,27000,2004,8825000,JP27,Osaka
Osaka-fu,27000,2005,8817166,JP27,Osaka
Osaka-fu,27000,2006,8828000,JP27,Osaka
Osaka-fu,27000,2007,8839000,JP27,Osaka
Osaka-fu,27000,2008,8847000,JP27,Osaka
Osaka-fu,27000,2009,8855000,JP27,Osaka
Osaka-fu,27000,2010,8865245,JP27,Osaka
Osaka-fu,27000,2011,8863000,JP27,Osaka
Osaka-fu,27000,2012,8861000,JP27,Osaka
Osaka-fu,27000,2013,8856000,JP27,Osaka
Osaka-fu,27000,2014,8845000,JP27,Osaka
Osaka-fu,27000,2015,8839469,JP27,Osaka
Osaka-fu,27000,2016,8841000,JP27,Osaka
Osaka-fu,27000,2017,8841000,JP27,Osaka
Osaka-fu,27000,2018,8838000,JP27,Osaka
Osaka-fu,27000,2019,8842000,JP27,Osaka
Osaka-fu,27000,2020,8837685,JP27,Osaka
Osaka-fu,27000,2021,8806000,JP27,Osaka
Osaka-fu,27000,2022,8782000,JP27,Osaka
Osaka-fu,27000,2023,8763000,JP27,Osaka
Hyogo-ken,28000,1975,4992140,JP28,Hyogo
Hyogo-ken,28000,1976,5029000,JP28,Hyogo
Hyogo-ken,28000,1977,5063000,JP28,Hyogo
Hyogo-ken,28000,1978,5093000,JP28,Hyogo
Hyogo-ken,28000,1979,5119000,JP28,Hyogo
Hyogo-ken,28000,1980,5144892,JP28,Hyogo
Hyogo-ken,28000,1981,5171000,JP28,Hyogo
Hyogo-ken,28000,1982,5198000,JP28,Hyogo
Hyogo-ken,28000,1983,5227000,JP28,Hyogo
Hyogo-ken,28000,1984,5252000,JP28,Hyogo
Hyogo-ken,28000,1985,5278050,JP28,Hyogo
Hyogo-ken,28000,1986,5300000,JP28,Hyogo
Hyogo-ken,28000,1987,5319000,JP28,Hyogo
Hyogo-ken,28000,1988,5344000,JP28,Hyogo
Hyogo-ken,28000,1989,5372000,JP28,Hyogo
Hyogo-ken,28000,1990,5405040,JP28,Hyogo
Hyogo-ken,28000,1991,5426000,JP28,Hyogo
Hyogo-ken,28000,1992,5443000,JP28,Hyogo
Hyogo-ken,28000,1993,5457000,JP28,Hyogo
Hyogo-ken,28000,1994,5469000,JP28,Hyogo
Hyogo-ken,28000,1995,5401877,JP28,Hyogo
Hyogo-ken,28000,1996,5421000,JP28,Hyogo
Hyogo-ken,28000,1997,5455000,JP28,Hyogo
Hyogo-ken,28000,1998,5494000,JP28,Hyogo
Hyogo-ken,28000,1999,5528000,JP28,Hyogo
Hyogo-ken,28000,2000,5550574,JP28,Hyogo
Hyogo-ken,28000,2001,5572000,JP28,Hyogo
Hyogo-ken,28000,2002,5580000,JP28,Hyogo
Hyogo-ken,28000,2003,5589000,JP28,Hyogo
Hyogo-ken,28000,2004,5592000,JP28,Hyogo
Hyogo-ken,28000,2005,5590601,JP28,Hyogo
Hyogo-ken,28000,2006,5592000,JP28,Hyogo
Hyogo-ken,28000,2007,5593000,JP28,Hyogo
Hyogo-ken,28000,2008,5592000,JP28,Hyogo
Hyogo-ken,28000,2009,5591000,JP28,Hyogo
Hyogo-ken,28000,2010,5588133,JP28,Hyogo
Hyogo-ken,28000,2011,5584000,JP28,Hyogo
Hyogo-ken,28000,2012,5575000,JP28,Hyogo
Hyogo-ken,28000,2013,5565000,JP28,Hyogo
Hyogo-ken,28000,2014,5550000,JP28,Hyogo
Hyogo-ken,28000,2015,5534800,JP28,Hyogo
Hyogo-ken,28000,2016,5526000,JP28,Hyogo
Hyogo-ken,28000,2017,5515000,JP28,Hyogo
Hyogo-ken,28000,2018,5501000,JP28,Hyogo
Hyogo-ken,28000,2019,5488000,JP28,Hyogo
Hyogo-ken,28000,2020,5465002,JP28,Hyogo
Hyogo-ken,28000,2021,5432000,JP28,Hyogo
Hyogo-ken,28000,2022,5402000,JP28,Hyogo
Hyogo-ken,28000,2023,5370000,JP28,Hyogo
Nara-ken,29000,1975,1077491,JP29,Nara
Nara-ken,29000,1976,1098000,JP29,Nara
Nara-ken,29000,1977,1124000,JP29,Nara
Nara-ken,29000,1978,1152000,JP29,Nara
Nara-ken,29000,1979,1181000,JP29,Nara
Nara-ken,29000,1980,1209365,JP29,Nara
Nara-ken,29000,1981,1233000,JP29,Nara
Nara-ken,29000,1982,1254000,JP29,Nara
Nara-ken,29000,1983,1273000,JP29,Nara
Nara-ken,29000,1984,1290000,JP29,Nara
Nara-ken,29000,1985,1304866,JP29,Nara
Nara-ken,29000,1986,1318000,JP29,Nara
Nara-ken,29000,1987,1333000,JP29,Nara
Nara-ken,29000,1988,1347000,JP29,Nara
Nara-ken,29000,1989,1363000,JP29,Nara
Nara-ken,29000,1990,1375481,JP29,Nara
Nara-ken,29000,1991,1388000,JP29,Nara
Nara-ken,29000,1992,1400000,JP29,Nara
Nara-ken,29000,1993,1412000,JP29,Nara
Nara-ken,29000,1994,1420000,JP29,Nara
Nara-ken,29000,1995,1430862,JP29,Nara
Nara-ken,29000,1996,1437000,JP29,Nara
Nara-ken,29000,1997,1442000,JP29,Nara
Nara-ken,29000,1998,1443000,JP29,Nara
Nara-ken,29000,1999,1444000,JP29,Nara
Nara-ken,29000,2000,1442795,JP29,Nara
Nara-ken,29000,2001,1442000,JP29,Nara
Nara-ken,29000,2002,1437000,JP29,Nara
Nara-ken,29000,2003,1434000,JP29,Nara
Nara-ken,29000,2004,1428000,JP29,Nara
Nara-ken,29000,2005,1421310,JP29,Nara
Nara-ken,29000,2006,1417000,JP29,Nara
Nara-ken,29000,2007,1413000,JP29,Nara
Nara-ken,29000,2008,1407000,JP29,Nara
Nara-ken,29000,2009,1404000,JP29,Nara
Nara-ken,29000,2010,1400728,JP29,Nara
Nara-ken,29000,2011,1395000,JP29,Nara
Nara-ken,29000,2012,1388000,JP29,Nara
Nara-ken,29000,2013,1381000,JP29,Nara
Nara-ken,29000,2014,1373000,JP29,Nara
Nara-ken,29000,2015,1364316,JP29,Nara
Nara-ken,29000,2016,1357000,JP29,Nara
Nara-ken,29000,2017,1349000,JP29,Nara
Nara-ken,29000,2018,1341000,JP29,Nara
Nara-ken,29000,2019,1333000,JP29,Nara
Nara-ken,29000,2020,1324473,JP29,Nara
Nara-ken,29000,2021,1315000,JP29,Nara
Nara-ken,29000,2022,1306000,JP29,Nara
Nara-ken,29000,2023,1296000,JP29,Nara
Wakayama-ken,30000,1975,1072118,JP30,Wakayama
Wakayama-ken,30000,1976,1077000,JP30,Wakayama
Wakayama-ken,30000,1977,1080000,JP30,Wakayama
Wakayama-ken,30000,1978,1084000,JP30,Wakayama
Wakayama-ken,30000,1979,1086000,JP30,Wakayama
Wakayama-ken,30000,1980,1087012,JP30,Wakayama
Wakayama-ken,30000,1981,1088000,JP30,Wakayama
Wakayama-ken,30000,1982,1090000,JP30,Wakayama
Wakayama-ken,30000,1983,1090000,JP30,Wakayama
Wakayama-ken,30000,1984,1088000,JP30,Wakayama
Wakayama-ken,30000,1985,1087206,JP30,Wakayama
Wakayama-ken,30000,1986,1083000,JP30,Wakayama
Wakayama-ken,30000,1987,1079000,JP30,Wakayama
Wakayama-ken,30000,1988,1076000,JP30,Wakayama
Wakayama-ken,30000,1989,1074000,JP30,Wakayama
Wakayama-ken,30000,1990,1074325,JP30,Wakayama
Wakayama-ken,30000,1991,1076000,JP30,Wakayama
Wakayama-ken,30000,1992,1076000,JP30,Wakayama
Wakayama-ken,30000,1993,1077000,JP30,Wakayama
Wakayama-ken,30000,1994,1080000,JP30,Wakayama
Wakayama-ken,30000,1995,1080435,JP30,Wakayama
Wakayama-ken,30000,1996,1079000,JP30,Wakayama
Wakayama-ken,30000,1997,1078000,JP30,Wakayama
Wakayama-ken,30000,1998,1076000,JP30,Wakayama
Wakayama-ken,30000,1999,1074000,JP30,Wakayama
Wakayama-ken,30000,2000,1069912,JP30,Wakayama
Wakayama-ken,30000,2001,1065000,JP30,Wakayama
Wakayama-ken,30000,2002,1059000,JP30,Wakayama
Wakayama-ken,30000,2003,1052000,JP30,Wakayama
Wakayama-ken,30000,2004,1045000,JP30,Wakayama
Wakayama-ken,30000,2005,1035969,JP30,Wakayama
Wakayama-ken,30000,2006,1029000,JP30,Wakayama
Wakayama-ken,30000,2007,1021000,JP30,Wakayama
Wakayama-ken,30000,2008,1014000,JP30,Wakayama
Wakayama-ken,30000,2009,1008000,JP30,Wakayama
Wakayama-ken,30000,2010,1002198,JP30,Wakayama
Wakayama-ken,30000,2011,995000,JP30,Wakayama
Wakayama-ken,30000,2012,988000,JP30,Wakayama
Wakayama-ken,30000,2013,980000,JP30,Wakayama
Wakayama-ken,30000,2014,972000,JP30,Wakayama
Wakayama-ken,30000,2015,963579,JP30,Wakayama
Wakayama-ken,30000,2016,956000,JP30,Wakayama
Wakayama-ken,30000,2017,948000,JP30,Wakayama
Wakayama-ken,30000,2018,940000,JP30,Wakayama
Wakayama-ken,30000,2019,931000,JP30,Wakayama
Wakayama-ken,30000,2020,922584,JP30,Wakayama
Wakayama-ken,30000,2021,914000,JP30,Wakayama
Wakayama-ken,30000,2022,903000,JP30,Wakayama
Wakayama-ken,30000,2023,892000,JP30,Wakayama
Tottori-ken,31000,1975,581311,JP31,Tottori
Tottori-ken,31000,1976,586000,JP31,Tottori
Tottori-ken,31000,1977,591000,JP31,Tottori
Tottori-ken,31000,1978,595000,JP31,Tottori
Tottori-ken,31000,1979,600000,JP31,Tottori
Tottori-ken,31000,1980,604221,JP31,Tottori
Tottori-ken,31000,1981,607000,JP31,Tottori
Tottori-ken,31000,1982,610000,JP31,Tottori
Tottori-ken,31000,1983,612000,JP31,Tottori
Tottori-ken,31000,1984,614000,JP31,Tottori
Tottori-ken,31000,1985,616024,JP31,Tottori
Tottori-ken,31000,1986,616000,JP31,Tottori
Tottori-ken,31000,1987,616000,JP31,Tottori
Tottori-ken,31000,1988,617000,JP31,Tottori
Tottori-ken,31000,1989,616000,JP31,Tottori
Tottori-ken,31000,1990,615722,JP31,Tottori
Tottori-ken,31000,1991,615000,JP31,Tottori
Tottori-ken,31000,1992,615000,JP31,Tottori
Tottori-ken,31000,1993,614000,JP31,Tottori
Tottori-ken,31000,1994,614000,JP31,Tottori
Tottori-ken,31000,1995,614929,JP31,Tottori
Tottori-ken,31000,1996,615000,JP31,Tottori
Tottori-ken,31000,1997,614000,JP31,Tottori
Tottori-ken,31000,1998,615000,JP31,Tottori
Tottori-ken,31000,1999,614000,JP31,Tottori
Tottori-ken,31000,2000,613289,JP31,Tottori
Tottori-ken,31000,2001,613000,JP31,Tottori
Tottori-ken,31000,2002,612000,JP31,Tottori
Tottori-ken,31000,2003,611000,JP31,Tottori
Tottori-ken,31000,2004,610000,JP31,Tottori
Tottori-ken,31000,2005,607012,JP31,Tottori
Tottori-ken,31000,2006,604000,JP31,Tottori
Tottori-ken,31000,2007,601000,JP31,Tottori
Tottori-ken,31000,2008,596000,JP31,Tottori
Tottori-ken,31000,2009,592000,JP31,Tottori
Tottori-ken,31000,2010,588667,JP31,Tottori
Tottori-ken,31000,2011,586000,JP31,Tottori
Tottori-ken,31000,2012,583000,JP31,Tottori
Tottori-ken,31000,2013,580000,JP31,Tottori
Tottori-ken,31000,2014,577000,JP31,Tottori
Tottori-ken,31000,2015,573441,JP31,Tottori
Tottori-ken,31000,2016,570000,JP31,Tottori
Tottori-ken,31000,2017,566000,JP31,Tottori
Tottori-ken,31000,2018,562000,JP31,Tottori
Tottori-ken,31000,2019,557000,JP31,Tottori
Tottori-ken,31000,2020,553407,JP31,Tottori
Tottori-ken,31000,2021,549000,JP31,Tottori
Tottori-ken,31000,2022,544000,JP31,Tottori
Tottori-ken,31000,2023,537000,JP31,Tottori
Shimane-ken,32000,1975,768886,JP32,Shimane
Shimane-ken,32000,1976,771000,JP32,Shimane
Shimane-ken,32000,1977,775000,JP32,Shimane
Shimane-ken,32000,1978,779000,JP32,Shimane
Shimane-ken,32000,1979,782000,JP32,Shimane
Shimane-ken,32000,1980,784795,JP32,Shimane
Shimane-ken,32000,1981,787000,JP32,Shimane
Shimane-ken,32000,1982,790000,JP32,Shimane
Shimane-ken,32000,1983,790000,JP32,Shimane
Shimane-ken,32000,1984,793000,JP32,Shimane
Shimane-ken,32000,1985,794629,JP32,Shimane
Shimane-ken,32000,1986,793000,JP32,Shimane
Shimane-ken,32000,1987,792000,JP32,Shimane
Shimane-ken,32000,1988,789000,JP32,Shimane
Shimane-ken,32000,1989,785000,JP32,Shimane
Shimane-ken,32000,1990,781021,JP32,Shimane
Shimane-ken,32000,1991,778000,JP32,Shimane
Shimane-ken,32000,1992,775000,JP32,Shimane
Shimane-ken,32000,1993,773000,JP32,Shimane
Shimane-ken,32000,1994,772000,JP32,Shimane
Shimane-ken,32000,1995,771441,JP32,Shimane
Shimane-ken,32000,1996,770000,JP32,Shimane
Shimane-ken,32000,1997,768000,JP32,Shimane
Shimane-ken,32000,1998,765000,JP32,Shimane
Shimane-ken,32000,1999,763000,JP32,Shimane
Shimane-ken,32000,2000,761503,JP32,Shimane
Shimane-ken,32000,2001,760000,JP32,Shimane
Shimane-ken,32000,2002,756000,JP32,Shimane
Shimane-ken,32000,2003,752000,JP32,Shimane
Shimane-ken,32000,2004,747000,JP32,Shimane
Shimane-ken,32000,2005,742223,JP32,Shimane
Shimane-ken,32000,2006,737000,JP32,Shimane
Shimane-ken,32000,2007,733000,JP32,Shimane
Shimane-ken,32000,2008,727000,JP32,Shimane
Shimane-ken,32000,2009,721000,JP32,Shimane
Shimane-ken,32000,2010,717397,JP32,Shimane
Shimane-ken,32000,2011,713000,JP32,Shimane
Shimane-ken,32000,2012,708000,JP32,Shimane
Shimane-ken,32000,2013,704000,JP32,Shimane
Shimane-ken,32000,2014,699000,JP32,Shimane
Shimane-ken,32000,2015,694352,JP32,Shimane
Shimane-ken,32000,2016,691000,JP32,Shimane
Shimane-ken,32000,2017,687000,JP32,Shimane
Shimane-ken,32000,2018,682000,JP32,Shimane
Shimane-ken,32000,2019,677000,JP32,Shimane
Shimane-ken,32000,2020,671126,JP32,Shimane
Shimane-ken,32000,2021,665000,JP32,Shimane
Shimane-ken,32000,2022,658000,JP32,Shimane
Shimane-ken,32000,2023,650000,JP32,Shimane
Okayama-ken,33000,1975,1814305,JP33,Okayama
Okayama-ken,33000,1976,1829000,JP33,Okayama
Okayama-ken,33000,1977,1840000,JP33,Okayama
Okayama-ken,33000,1978,1850000,JP33,Okayama
Okayama-ken,33000,1979,1861000,JP33,Okayama
Okayama-ken,33000,1980,1871023,JP33,Okayama
Okayama-ken,33000,1981,1881000,JP33,Okayama
Okayama-ken,33000,1982,1891000,JP33,Okayama
Okayama-ken,33000,1983,1901000,JP33,Okayama
Okayama-ken,33000,1984,1909000,JP33,Okayama
Okayama-ken,33000,1985,1916906,JP33,Okayama
Okayama-ken,33000,1986,1921000,JP33,Okayama
Okayama-ken,33000,1987,1924000,JP33,Okayama
Okayama-ken,33000,1988,1925000,JP33,Okayama
Okayama-ken,33000,1989,1925000,JP33,Okayama
Okayama-ken,33000,1990,1925877,JP33,Okayama
Okayama-ken,33000,1991,1930000,JP33,Okayama
Okayama-ken,33000,1992,1935000,JP33,Okayama
Okayama-ken,33000,1993,1940000,JP33,Okayama
Okayama-ken,33000,1994,1945000,JP33,Okayama
Okayama-ken,33000,1995,1950750,JP33,Okayama
Okayama-ken,33000,1996,1951000,JP33,Okayama
Okayama-ken,33000,1997,1952000,JP33,Okayama
Okayama-ken,33000,1998,1953000,JP33,Okayama
Okayama-ken,33000,1999,1953000,JP33,Okayama
Okayama-ken,33000,2000,1950828,JP33,Okayama
Okayama-ken,33000,2001,1954000,JP33,Okayama
Okayama-ken,33000,2002,1956000,JP33,Okayama
Okayama-ken,33000,2003,1958000,JP33,Okayama
Okayama-ken,33000,2004,1959000,JP33,Okayama
Okayama-ken,33000,2005,1957264,JP33,Okayama
Okayama-ken,33000,2006,1956000,JP33,Okayama
Okayama-ken,33000,2007,1956000,JP33,Okayama
Okayama-ken,33000,2008,1953000,JP33,Okayama
Okayama-ken,33000,2009,1949000,JP33,Okayama
Okayama-ken,33000,2010,1945276,JP33,Okayama
Okayama-ken,33000,2011,1941000,JP33,Okayama
Okayama-ken,33000,2012,1937000,JP33,Okayama
Okayama-ken,33000,2013,1932000,JP33,Okayama
Okayama-ken,33000,2014,1926000,JP33,Okayama
Okayama-ken,33000,2015,1921525,JP33,Okayama
Okayama-ken,33000,2016,1917000,JP33,Okayama
Okayama-ken,33000,2017,1911000,JP33,Okayama
Okayama-ken,33000,2018,1904000,JP33,Okayama
Okayama-ken,33000,2019,1897000,JP33,Okayama
Okayama-ken,33000,2020,1888432,JP33,Okayama
Okayama-ken,33000,2021,1876000,JP33,Okayama
Okayama-ken,33000,2022,1862000,JP33,Okayama
Okayama-ken,33000,2023,1847000,JP33,Okayama
Hiroshima-ken,34000,1975,2646324,JP34,Hiroshima
Hiroshima-ken,34000,1976,2670000,JP34,Hiroshima
Hiroshima-ken,34000,1977,2689000,JP34,Hiroshima
Hiroshima-ken,34000,1978,2703000,JP34,Hiroshima
Hiroshima-ken,34000,1979,2717000,JP34,Hiroshima
Hiroshima-ken,34000,1980,2739161,JP34,Hiroshima
Hiroshima-ken,34000,1981,2761000,JP34,Hiroshima
Hiroshima-ken,34000,1982,2777000,JP34,Hiroshima
Hiroshima-ken,34000,1983,2793000,JP34,Hiroshima
Hiroshima-ken,34000,1984,2807000,JP34,Hiroshima
Hiroshima-ken,34000,1985,2819200,JP34,Hiroshima
Hiroshima-ken,34000,1986,2829000,JP34,Hiroshima
Hiroshima-ken,34000,1987,2834000,JP34,Hiroshima
Hiroshima-ken,34000,1988,2838000,JP34,Hiroshima
Hiroshima-ken,34000,1989,2843000,JP34,Hiroshima
Hiroshima-ken,34000,1990,2849847,JP34,Hiroshima
Hiroshima-ken,34000,1991,2859000,JP34,Hiroshima
Hiroshima-ken,34000,1992,2867000,JP34,Hiroshima
Hiroshima-ken,34000,1993,2873000,JP34,Hiroshima
Hiroshima-ken,34000,1994,2877000,JP34,Hiroshima
Hiroshima-ken,34000,1995,2881748,JP34,Hiroshima
Hiroshima-ken,34000,1996,2881000,JP34,Hiroshima
Hiroshima-ken,34000,1997,2882000,JP34,Hiroshima
Hiroshima-ken,34000,1998,2882000,JP34,Hiroshima
Hiroshima-ken,34000,1999,2881000,JP34,Hiroshima
Hiroshima-ken,34000,2000,2878915,JP34,Hiroshima
Hiroshima-ken,34000,2001,2880000,JP34,Hiroshima
Hiroshima-ken,34000,2002,2878000,JP34,Hiroshima
Hiroshima-ken,34000,2003,2879000,JP34,Hiroshima
Hiroshima-ken,34000,2004,2879000,JP34,Hiroshima
Hiroshima-ken,34000,2005,2876642,JP34,Hiroshima
Hiroshima-ken,34000,2006,2875000,JP34,Hiroshima
Hiroshima-ken,34000,2007,2874000,JP34,Hiroshima
Hiroshima-ken,34000,2008,2870000,JP34,Hiroshima
Hiroshima-ken,34000,2009,2864000,JP34,Hiroshima
Hiroshima-ken,34000,2010,2860750,JP34,Hiroshima
Hiroshima-ken,34000,2011,2858000,JP34,Hiroshima
Hiroshima-ken,34000,2012,2855000,JP34,Hiroshima
Hiroshima-ken,34000,2013,2850000,JP34,Hiroshima
Hiroshima-ken,34000,2014,2846000,JP34,Hiroshima
Hiroshima-ken,34000,2015,2843990,JP34,Hiroshima
Hiroshima-ken,34000,2016,2840000,JP34,Hiroshima
Hiroshima-ken,34000,2017,2833000,JP34,Hiroshima
Hiroshima-ken,34000,2018,2824000,JP34,Hiroshima
Hiroshima-ken,34000,2019,2813000,JP34,Hiroshima
Hiroshima-ken,34000,2020,2799702,JP34,Hiroshima
Hiroshima-ken,34000,2021,2780000,JP34,Hiroshima
Hiroshima-ken,34000,2022,2760000,JP34,Hiroshima
Hiroshima-ken,34000,2023,2738000,JP34,Hiroshima
Yamaguchi-ken,35000,1975,1555218,JP35,Yamaguchi
Yamaguchi-ken,35000,1976,1564000,JP35,Yamaguchi
Yamaguchi-ken,35000,1977,1573000,JP35,Yamaguchi
Yamaguchi-ken,35000,1978,1579000,JP35,Yamaguchi
Yamaguchi-ken,35000,1979,1583000,JP35,Yamaguchi
Yamaguchi-ken,35000,1980,1587079,JP35,Yamaguchi
Yamaguchi-ken,35000,1981,1592000,JP35,Yamaguchi
Yamaguchi-ken,35000,1982,1597000,JP35,Yamaguchi
Yamaguchi-ken,35000,1983,1600000,JP35,Yamaguchi
Yamaguchi-ken,35000,1984,1601000,JP35,Yamaguchi
Yamaguchi-ken,35000,1985,1601627,JP35,Yamaguchi
Yamaguchi-ken,35000,1986,1598000,JP35,Yamaguchi
Yamaguchi-ken,35000,1987,1592000,JP35,Yamaguchi
Yamaguchi-ken,35000,1988,1587000,JP35,Yamaguchi
Yamaguchi-ken,35000,1989,1581000,JP35,Yamaguchi
Yamaguchi-ken,35000,1990,1572616,JP35,Yamaguchi
Yamaguchi-ken,35000,1991,1569000,JP35,Yamaguchi
Yamaguchi-ken,35000,1992,1565000,JP35,Yamaguchi
Yamaguchi-ken,35000,1993,1561000,JP35,Yamaguchi
Yamaguchi-ken,35000,1994,1559000,JP35,Yamaguchi
Yamaguchi-ken,35000,1995,1555543,JP35,Yamaguchi
Yamaguchi-ken,35000,1996,1550000,JP35,Yamaguchi
Yamaguchi-ken,35000,1997,1545000,JP35,Yamaguchi
Yamaguchi-ken,35000,1998,1540000,JP35,Yamaguchi
Yamaguchi-ken,35000,1999,1535000,JP35,Yamaguchi
Yamaguchi-ken,35000,2000,1527964,JP35,Yamaguchi
Yamaguchi-ken,35000,2001,1523000,JP35,Yamaguchi
Yamaguchi-ken,35000,2002,1517000,JP35,Yamaguchi
Yamaguchi-ken,35000,2003,1510000,JP35,Yamaguchi
Yamaguchi-ken,35000,2004,1502000,JP35,Yamaguchi
Yamaguchi-ken,35000,2005,1492606,JP35,Yamaguchi
Yamaguchi-ken,35000,2006,1484000,JP35,Yamaguchi
Yamaguchi-ken,35000,2007,1476000,JP35,Yamaguchi
Yamaguchi-ken,35000,2008,1466000,JP35,Yamaguchi
Yamaguchi-ken,35000,2009,1459000,JP35,Yamaguchi
Yamaguchi-ken,35000,2010,1451338,JP35,Yamaguchi
Yamaguchi-ken,35000,2011,1444000,JP35,Yamaguchi
Yamaguchi-ken,35000,2012,1434000,JP35,Yamaguchi
Yamaguchi-ken,35000,2013,1425000,JP35,Yamaguchi
Yamaguchi-ken,35000,2014,1415000,JP35,Yamaguchi
Yamaguchi-ken,35000,2015,1404729,JP35,Yamaguchi
Yamaguchi-ken,35000,2016,1394000,JP35,Yamaguchi
Yamaguchi-ken,35000,2017,1382000,JP35,Yamaguchi
Yamaguchi-ken,35000,2018,1369000,JP35,Yamaguchi
Yamaguchi-ken,35000,2019,1357000,JP35,Yamaguchi
Yamaguchi-ken,35000,2020,1342059,JP35,Yamaguchi
Yamaguchi-ken,35000,2021,1328000,JP35,Yamaguchi
Yamaguchi-ken,35000,2022,1313000,JP35,Yamaguchi
Yamaguchi-ken,35000,2023,1298000,JP35,Yamaguchi
Tokushima-ken,36000,1975,805166,JP36,Tokushima
Tokushima-ken,36000,1976,809000,JP36,Tokushima
Tokushima-ken,36000,1977,813000,JP36,Tokushima
Tokushima-ken,36000,1978,818000,JP36,Tokushima
Tokushima-ken,36000,1979,822000,JP36,Tokushima
Tokushima-ken,36000,1980,825261,JP36,Tokushima
Tokushima-ken,36000,1981,827000,JP36,Tokushima
Tokushima-ken,36000,1982,830000,JP36,Tokushima
Tokushima-ken,36000,1983,831000,JP36,Tokushima
Tokushima-ken,36000,1984,834000,JP36,Tokushima
Tokushima-ken,36000,1985,834889,JP36,Tokushima
Tokushima-ken,36000,1986,835000,JP36,Tokushima
Tokushima-ken,36000,1987,835000,JP36,Tokushima
Tokushima-ken,36000,1988,834000,JP36,Tokushima
Tokushima-ken,36000,1989,833000,JP36,Tokushima
Tokushima-ken,36000,1990,831598,JP36,Tokushima
Tokushima-ken,36000,1991,831000,JP36,Tokushima
Tokushima-ken,36000,1992,830000,JP36,Tokushima
Tokushima-ken,36000,1993,831000,JP36,Tokushima
Tokushima-ken,36000,1994,830000,JP36,Tokushima
Tokushima-ken,36000,1995,832427,JP36,Tokushima
Tokushima-ken,36000,1996,831000,JP36,Tokushima
Tokushima-ken,36000,1997,830000,JP36,Tokushima
Tokushima-ken,36000,1998,829000,JP36,Tokushima
Tokushima-ken,36000,1999,827000,JP36,Tokushima
Tokushima-ken,36000,2000,824108,JP36,Tokushima
Tokushima-ken,36000,2001,822000,JP36,Tokushima
Tokushima-ken,36000,2002,820000,JP36,Tokushima
Tokushima-ken,36000,2003,818000,JP36,Tokushima
Tokushima-ken,36000,2004,814000,JP36,Tokushima
Tokushima-ken,36000,2005,809950,JP36,Tokushima
Tokushima-ken,36000,2006,806000,JP36,Tokushima
Tokushima-ken,36000,2007,800000,JP36,Tokushima
Tokushima-ken,36000,2008,795000,JP36,Tokushima
Tokushima-ken,36000,2009,790000,JP36,Tokushima
Tokushima-ken,36000,2010,785491,JP36,Tokushima
Tokushima-ken,36000,2011,780000,JP36,Tokushima
Tokushima-ken,36000,2012,775000,JP36,Tokushima
Tokushima-ken,36000,2013,769000,JP36,Tokushima
Tokushima-ken,36000,2014,763000,JP36,Tokushima
Tokushima-ken,36000,2015,755733,JP36,Tokushima
Tokushima-ken,36000,2016,750000,JP36,Tokushima
Tokushima-ken,36000,2017,744000,JP36,Tokushima
Tokushima-ken,36000,2018,736000,JP36,Tokushima
Tokushima-ken,36000,2019,728000,JP36,Tokushima
Tokushima-ken,36000,2020,719559,JP36,Tokushima
Tokushima-ken,36000,2021,712000,JP36,Tokushima
Tokushima-ken,36000,2022,704000,JP36,Tokushima
Tokushima-ken,36000,2023,695000,JP36,Tokushima
Kagawa-ken,37000,1975,961292,JP37,Kagawa
Kagawa-ken,37000,1976,970000,JP37,Kagawa
Kagawa-ken,37000,1977,979000,JP37,Kagawa
Kagawa-ken,37000,1978,986000,JP37,Kagawa
Kagawa-ken,37000,1979,993000,JP37,Kagawa
Kagawa-ken,37000,1980,999864,JP37,Kagawa
Kagawa-ken,37000,1981,1005000,JP37,Kagawa
Kagawa-ken,37000,1982,1010000,JP37,Kagawa
Kagawa-ken,37000,1983,1014000,JP37,Kagawa
Kagawa-ken,37000,1984,1018000,JP37,Kagawa
Kagawa-ken,37000,1985,1022569,JP37,Kagawa
Kagawa-ken,37000,1986,1024000,JP37,Kagawa
Kagawa-ken,37000,1987,1024000,JP37,Kagawa
Kagawa-ken,37000,1988,1025000,JP37,Kagawa
Kagawa-ken,37000,1989,1023000,JP37,Kagawa
Kagawa-ken,37000,1990,1023412,JP37,Kagawa
Kagawa-ken,37000,1991,1023000,JP37,Kagawa
Kagawa-ken,37000,1992,1024000,JP37,Kagawa
Kagawa-ken,37000,1993,1025000,JP37,Kagawa
Kagawa-ken,37000,1994,1026000,JP37,Kagawa
Kagawa-ken,37000,1995,1027006,JP37,Kagawa
Kagawa-ken,37000,1996,1027000,JP37,Kagawa
Kagawa-ken,37000,1997,1026000,JP37,Kagawa
Kagawa-ken,37000,1998,1025000,JP37,Kagawa
Kagawa-ken,37000,1999,1025000,JP37,Kagawa
Kagawa-ken,37000,2000,1022890,JP37,Kagawa
Kagawa-ken,37000,2001,1022000,JP37,Kagawa
Kagawa-ken,37000,2002,1020000,JP37,Kagawa
Kagawa-ken,37000,2003,1018000,JP37,Kagawa
Kagawa-ken,37000,2004,1016000,JP37,Kagawa
Kagawa-ken,37000,2005,1012400,JP37,Kagawa
Kagawa-ken,37000,2006,1009000,JP37,Kagawa
Kagawa-ken,37000,2007,1006000,JP37,Kagawa
Kagawa-ken,37000,2008,1003000,JP37,Kagawa
Kagawa-ken,37000,2009,999000,JP37,Kagawa
Kagawa-ken,37000,2010,995842,JP37,Kagawa
Kagawa-ken,37000,2011,992000,JP37,Kagawa
Kagawa-ken,37000,2012,989000,JP37,Kagawa
Kagawa-ken,37000,2013,985000,JP37,Kagawa
Kagawa-ken,37000,2014,980000,JP37,Kagawa
Kagawa-ken,37000,2015,976263,JP37,Kagawa
Kagawa-ken,37000,2016,973000,JP37,Kagawa
Kagawa-ken,37000,2017,968000,JP37,Kagawa
Kagawa-ken,37000,2018,963000,JP37,Kagawa
Kagawa-ken,37000,2019,958000,JP37,Kagawa
Kagawa-ken,37000,2020,950244,JP37,Kagawa
Kagawa-ken,37000,2021,942000,JP37,Kagawa
Kagawa-ken,37000,2022,934000,JP37,Kagawa
Kagawa-ken,37000,2023,926000,JP37,Kagawa
Ehime-ken,38000,1975,1465215,JP38,Ehime
Ehime-ken,38000,1976,1476000,JP38,Ehime
Ehime-ken,38000,1977,1486000,JP38,Ehime
Ehime-ken,38000,1978,1493000,JP38,Ehime
Ehime-ken,38000,1979,1500000,JP38,Ehime
Ehime-ken,38000,1980,1506637,JP38,Ehime
Ehime-ken,38000,1981,1512000,JP38,Ehime
Ehime-ken,38000,1982,1517000,JP38,Ehime
Ehime-ken,38000,1983,1522000,JP38,Ehime
Ehime-ken,38000,1984,1526000,JP38,Ehime
Ehime-ken,38000,1985,1529983,JP38,Ehime
Ehime-ken,38000,1986,1528000,JP38,Ehime
Ehime-ken,38000,1987,1525000,JP38,Ehime
Ehime-ken,38000,1988,1522000,JP38,Ehime
Ehime-ken,38000,1989,1519000,JP38,Ehime
Ehime-ken,38000,1990,1515025,JP38,Ehime
Ehime-ken,38000,1991,1513000,JP38,Ehime
Ehime-ken,38000,1992,1511000,JP38,Ehime
Ehime-ken,38000,1993,1508000,JP38,Ehime
Ehime-ken,38000,1994,1508000,JP38,Ehime
Ehime-ken,38000,1995,1506700,JP38,Ehime
Ehime-ken,38000,1996,1505000,JP38,Ehime
Ehime-ken,38000,1997,1503000,JP38,Ehime
Ehime-ken,38000,1998,1501000,JP38,Ehime
Ehime-ken,38000,1999,1496000,JP38,Ehime
Ehime-ken,38000,2000,1493092,JP38,Ehime
Ehime-ken,38000,2001,1490000,JP38,Ehime
Ehime-ken,38000,2002,1485000,JP38,Ehime
Ehime-ken,38000,2003,1481000,JP38,Ehime
Ehime-ken,38000,2004,1475000,JP38,Ehime
Ehime-ken,38000,2005,1467815,JP38,Ehime
Ehime-ken,38000,2006,1460000,JP38,Ehime
Ehime-ken,38000,2007,1453000,JP38,Ehime
Ehime-ken,38000,2008,1445000,JP38,Ehime
Ehime-ken,38000,2009,1438000,JP38,Ehime
Ehime-ken,38000,2010,1431493,JP38,Ehime
Ehime-ken,38000,2011,1424000,JP38,Ehime
Ehime-ken,38000,2012,1415000,JP38,Ehime
Ehime-ken,38000,2013,1406000,JP38,Ehime
Ehime-ken,38000,2014,1396000,JP38,Ehime
Ehime-ken,38000,2015,1385262,JP38,Ehime
Ehime-ken,38000,2016,1377000,JP38,Ehime
Ehime-ken,38000,2017,1368000,JP38,Ehime
Ehime-ken,38000,2018,1357000,JP38,Ehime
Ehime-ken,38000,2019,1346000,JP38,Ehime
Ehime-ken,38000,2020,1334841,JP38,Ehime
Ehime-ken,38000,2021,1321000,JP38,Ehime
Ehime-ken,38000,2022,1306000,JP38,Ehime
Ehime-ken,38000,2023,1291000,JP38,Ehime
Kochi-ken,39000,1975,808397,JP39,Kochi
Kochi-ken,39000,1976,814000,JP39,Kochi
Kochi-ken,39000,1977,819000,JP39,Kochi
Kochi-ken,39000,1978,824000,JP39,Kochi
Kochi-ken,39000,1979,829000,JP39,Kochi
Kochi-ken,39000,1980,831275,JP39,Kochi
Kochi-ken,39000,1981,833000,JP39,Kochi
Kochi-ken,39000,1982,836000,JP39,Kochi
Kochi-ken,39000,1983,838000,JP39,Kochi
Kochi-ken,39000,1984,839000,JP39,Kochi
Kochi-ken,39000,1985,839784,JP39,Kochi
Kochi-ken,39000,1986,838000,JP39,Kochi
Kochi-ken,39000,1987,836000,JP39,Kochi
Kochi-ken,39000,1988,833000,JP39,Kochi
Kochi-ken,39000,1989,830000,JP39,Kochi
Kochi-ken,39000,1990,825034,JP39,Kochi
Kochi-ken,39000,1991,822000,JP39,Kochi
Kochi-ken,39000,1992,819000,JP39,Kochi
Kochi-ken,39000,1993,817000,JP39,Kochi
Kochi-ken,39000,1994,817000,JP39,Kochi
Kochi-ken,39000,1995,816704,JP39,Kochi
Kochi-ken,39000,1996,816000,JP39,Kochi
Kochi-ken,39000,1997,816000,JP39,Kochi
Kochi-ken,39000,1998,816000,JP39,Kochi
Kochi-ken,39000,1999,815000,JP39,Kochi
Kochi-ken,39000,2000,813949,JP39,Kochi
Kochi-ken,39000,2001,812000,JP39,Kochi
Kochi-ken,39000,2002,810000,JP39,Kochi
Kochi-ken,39000,2003,806000,JP39,Kochi
Kochi-ken,39000,2004,802000,JP39,Kochi
Kochi-ken,39000,2005,796292,JP39,Kochi
Kochi-ken,39000,2006,790000,JP39,Kochi
Kochi-ken,39000,2007,783000,JP39,Kochi
Kochi-ken,39000,2008,775000,JP39,Kochi
Kochi-ken,39000,2009,769000,JP39,Kochi
Kochi-ken,39000,2010,764456,JP39,Kochi
Kochi-ken,39000,2011,758000,JP39,Kochi
Kochi-ken,39000,2012,751000,JP39,Kochi
Kochi-ken,39000,2013,743000,JP39,Kochi
Kochi-ken,39000,2014,736000,JP39,Kochi
Kochi-ken,39000,2015,728276,JP39,Kochi
Kochi-ken,39000,2016,721000,JP39,Kochi
Kochi-ken,39000,2017,714000,JP39,Kochi
Kochi-ken,39000,2018,707000,JP39,Kochi
Kochi-ken,39000,2019,699000,JP39,Kochi
Kochi-ken,39000,2020,691527,JP39,Kochi
Kochi-ken,39000,2021,684000,JP39,Kochi
Kochi-ken,39000,2022,676000,JP39,Kochi
Kochi-ken,39000,2023,666000,JP39,Kochi
Fukuoka-ken,40000,1975,4292963,JP40,Fukuoka
Fukuoka-ken,40000,1976,4353000,JP40,Fukuoka
Fukuoka-ken,40000,1977,4411000,JP40,Fukuoka
Fukuoka-ken,40000,1978,4460000,JP40,Fukuoka
Fukuoka-ken,40000,1979,4506000,JP40,Fukuoka
Fukuoka-ken,40000,1980,4553461,JP40,Fukuoka
Fukuoka-ken,40000,1981,4594000,JP40,Fukuoka
Fukuoka-ken,40000,1982,4632000,JP40,Fukuoka
Fukuoka-ken,40000,1983,4667000,JP40,Fukuoka
Fukuoka-ken,40000,1984,4697000,JP40,Fukuoka
Fukuoka-ken,40000,1985,4719259,JP40,Fukuoka
Fukuoka-ken,40000,1986,4741000,JP40,Fukuoka
Fukuoka-ken,40000,1987,4756000,JP40,Fukuoka
Fukuoka-ken,40000,1988,4773000,JP40,Fukuoka
Fukuoka-ken,40000,1989,4793000,JP40,Fukuoka
Fukuoka-ken,40000,1990,4811050,JP40,Fukuoka
Fukuoka-ken,40000,1991,4834000,JP40,Fukuoka
Fukuoka-ken,40000,1992,4859000,JP40,Fukuoka
Fukuoka-ken,40000,1993,4885000,JP40,Fukuoka
Fukuoka-ken,40000,1994,4909000,JP40,Fukuoka
Fukuoka-ken,40000,1995,4933393,JP40,Fukuoka
Fukuoka-ken,40000,1996,4952000,JP40,Fukuoka
Fukuoka-ken,40000,1997,4971000,JP40,Fukuoka
Fukuoka-ken,40000,1998,4990000,JP40,Fukuoka
Fukuoka-ken,40000,1999,5002000,JP40,Fukuoka
Fukuoka-ken,40000,2000,5015699,JP40,Fukuoka
Fukuoka-ken,40000,2001,5030000,JP40,Fukuoka
Fukuoka-ken,40000,2002,5039000,JP40,Fukuoka
Fukuoka-ken,40000,2003,5045000,JP40,Fukuoka
Fukuoka-ken,40000,2004,5050000,JP40,Fukuoka
Fukuoka-ken,40000,2005,5049908,JP40,Fukuoka
Fukuoka-ken,40000,2006,5057000,JP40,Fukuoka
Fukuoka-ken,40000,2007,5061000,JP40,Fukuoka
Fukuoka-ken,40000,2008,5062000,JP40,Fukuoka
Fukuoka-ken,40000,2009,5064000,JP40,Fukuoka
Fukuoka-ken,40000,2010,5071968,JP40,Fukuoka
Fukuoka-ken,40000,2011,5081000,JP40,Fukuoka
Fukuoka-ken,40000,2012,5089000,JP40,Fukuoka
Fukuoka-ken,40000,2013,5096000,JP40,Fukuoka
Fukuoka-ken,40000,2014,5099000,JP40,Fukuoka
Fukuoka-ken,40000,2015,5101556,JP40,Fukuoka
Fukuoka-ken,40000,2016,5113000,JP40,Fukuoka
Fukuoka-ken,40000,2017,5123000,JP40,Fukuoka
Fukuoka-ken,40000,2018,5131000,JP40,Fukuoka
Fukuoka-ken,40000,2019,5134000,JP40,Fukuoka
Fukuoka-ken,40000,2020,5135214,JP40,Fukuoka
Fukuoka-ken,40000,2021,5124000,JP40,Fukuoka
Fukuoka-ken,40000,2022,5116000,JP40,Fukuoka
Fukuoka-ken,40000,2023,5103000,JP40,Fukuoka
Saga-ken,41000,1975,837674,JP41,Saga
Saga-ken,41000,1976,842000,JP41,Saga
Saga-ken,41000,1977,848000,JP41,Saga
Saga-ken,41000,1978,854000,JP41,Saga
Saga-ken,41000,1979,860000,JP41,Saga
Saga-ken,41000,1980,865574,JP41,Saga
Saga-ken,41000,1981,869000,JP41,Saga
Saga-ken,41000,1982,873000,JP41,Saga
Saga-ken,41000,1983,876000,JP41,Saga
Saga-ken,41000,1984,878000,JP41,Saga
Saga-ken,41000,1985,880013,JP41,Saga
Saga-ken,41000,1986,880000,JP41,Saga
Saga-ken,41000,1987,880000,JP41,Saga
Saga-ken,41000,1988,880000,JP41,Saga
Saga-ken,41000,1989,879000,JP41,Saga
Saga-ken,41000,1990,877851,JP41,Saga
Saga-ken,41000,1991,878000,JP41,Saga
Saga-ken,41000,1992,879000,JP41,Saga
Saga-ken,41000,1993,880000,JP41,Saga
Saga-ken,41000,1994,883000,JP41,Saga
Saga-ken,41000,1995,884316,JP41,Saga
Saga-ken,41000,1996,884000,JP41,Saga
Saga-ken,41000,1997,882000,JP41,Saga
Saga-ken,41000,1998,881000,JP41,Saga
Saga-ken,41000,1999,879000,JP41,Saga
Saga-ken,41000,2000,876654,JP41,Saga
Saga-ken,41000,2001,876000,JP41,Saga
Saga-ken,41000,2002,874000,JP41,Saga
Saga-ken,41000,2003,872000,JP41,Saga
Saga-ken,41000,2004,870000,JP41,Saga
Saga-ken,41000,2005,866369,JP41,Saga
Saga-ken,41000,2006,863000,JP41,Saga
Saga-ken,41000,2007,860000,JP41,Saga
Saga-ken,41000,2008,856000,JP41,Saga
Saga-ken,41000,2009,853000,JP41,Saga
Saga-ken,41000,2010,849788,JP41,Saga
Saga-ken,41000,2011,847000,JP41,Saga
Saga-ken,41000,2012,845000,JP41,Saga
Saga-ken,41000,2013,841000,JP41,Saga
Saga-ken,41000,2014,837000,JP41,Saga
Saga-ken,41000,2015,832832,JP41,Saga
Saga-ken,41000,2016,829000,JP41,Saga
Saga-ken,41000,2017,825000,JP41,Saga
Saga-ken,41000,2018,821000,JP41,Saga
Saga-ken,41000,2019,817000,JP41,Saga
Saga-ken,41000,2020,811442,JP41,Saga
Saga-ken,41000,2021,806000,JP41,Saga
Saga-ken,41000,2022,801000,JP41,Saga
Saga-ken,41000,2023,795000,JP41,Saga
Nagasaki-ken,42000,1975,1571912,JP42,Nagasaki
Nagasaki-ken,42000,1976,1576000,JP42,Nagasaki
Nagasaki-ken,42000,1977,1582000,JP42,Nagasaki
Nagasaki-ken,42000,1978,1587000,JP42,Nagasaki
Nagasaki-ken,42000,1979,1588000,JP42,Nagasaki
Nagasaki-ken,42000,1980,1590564,JP42,Nagasaki
Nagasaki-ken,42000,1981,1594000,JP42,Nagasaki
Nagasaki-ken,42000,1982,1595000,JP42,Nagasaki
Nagasaki-ken,42000,1983,1596000,JP42,Nagasaki
Nagasaki-ken,42000,1984,1595000,JP42,Nagasaki
Nagasaki-ken,42000,1985,1593968,JP42,Nagasaki
Nagasaki-ken,42000,1986,1589000,JP42,Nagasaki
Nagasaki-ken,42000,1987,1584000,JP42,Nagasaki
Nagasaki-ken,42000,1988,1578000,JP42,Nagasaki
Nagasaki-ken,42000,1989,1570000,JP42,Nagasaki
Nagasaki-ken,42000,1990,1562959,JP42,Nagasaki
Nagasaki-ken,42000,1991,1557000,JP42,Nagasaki
Nagasaki-ken,42000,1992,1552000,JP42,Nagasaki
Nagasaki-ken,42000,1993,1550000,JP42,Nagasaki
Nagasaki-ken,42000,1994,1549000,JP42,Nagasaki
Nagasaki-ken,42000,1995,1544934,JP42,Nagasaki
Nagasaki-ken,42000,1996,1540000,JP42,Nagasaki
Nagasaki-ken,42000,1997,1533000,JP42,Nagasaki
Nagasaki-ken,42000,1998,1526000,JP42,Nagasaki
Nagasaki-ken,42000,1999,1520000,JP42,Nagasaki
Nagasaki-ken,42000,2000,1516523,JP42,Nagasaki
Nagasaki-ken,42000,2001,1512000,JP42,Nagasaki
Nagasaki-ken,42000,2002,1505000,JP42,Nagasaki
Nagasaki-ken,42000,2003,1498000,JP42,Nagasaki
Nagasaki-ken,42000,2004,1490000,JP42,Nagasaki
Nagasaki-ken,42000,2005,1478632,JP42,Nagasaki
Nagasaki-ken,42000,2006,1467000,JP42,Nagasaki
Nagasaki-ken,42000,2007,1455000,JP42,Nagasaki
Nagasaki-ken,42000,2008,1443000,JP42,Nagasaki
Nagasaki-ken,42000,2009,1434000,JP42,Nagasaki
Nagasaki-ken,42000,2010,1426779,JP42,Nagasaki
Nagasaki-ken,42000,2011,1418000,JP42,Nagasaki
Nagasaki-ken,42000,2012,1408000,JP42,Nagasaki
Nagasaki-ken,42000,2013,1397000,JP42,Nagasaki
Nagasaki-ken,42000,2014,1387000,JP42,Nagasaki
Nagasaki-ken,42000,2015,1377187,JP42,Nagasaki
Nagasaki-ken,42000,2016,1367000,JP42,Nagasaki
Nagasaki-ken,42000,2017,1355000,JP42,Nagasaki
Nagasaki-ken,42000,2018,1341000,JP42,Nagasaki
Nagasaki-ken,42000,2019,1327000,JP42,Nagasaki
Nagasaki-ken,42000,2020,1312317,JP42,Nagasaki
Nagasaki-ken,42000,2021,1297000,JP42,Nagasaki
Nagasaki-ken,42000,2022,1283000,JP42,Nagasaki
Nagasaki-ken,42000,2023,1267000,JP42,Nagasaki
Kumamoto-ken,43000,1975,1715273,JP43,Kumamoto
Kumamoto-ken,43000,1976,1731000,JP43,Kumamoto
Kumamoto-ken,43000,1977,1747000,JP43,Kumamoto
Kumamoto-ken,43000,1978,1763000,JP43,Kumamoto
Kumamoto-ken,43000,1979,1777000,JP43,Kumamoto
Kumamoto-ken,43000,1980,1790327,JP43,Kumamoto
Kumamoto-ken,43000,1981,1802000,JP43,Kumamoto
Kumamoto-ken,43000,1982,1811000,JP43,Kumamoto
Kumamoto-ken,43000,1983,1820000,JP43,Kumamoto
Kumamoto-ken,43000,1984,1830000,JP43,Kumamoto
Kumamoto-ken,43000,1985,1837747,JP43,Kumamoto
Kumamoto-ken,43000,1986,1840000,JP43,Kumamoto
Kumamoto-ken,43000,1987,1842000,JP43,Kumamoto
Kumamoto-ken,43000,1988,1842000,JP43,Kumamoto
Kumamoto-ken,43000,1989,1841000,JP43,Kumamoto
Kumamoto-ken,43000,1990,1840326,JP43,Kumamoto
Kumamoto-ken,43000,1991,1844000,JP43,Kumamoto
Kumamoto-ken,43000,1992,1846000,JP43,Kumamoto
Kumamoto-ken,43000,1993,1850000,JP43,Kumamoto
Kumamoto-ken,43000,1994,1855000,JP43,Kumamoto
Kumamoto-ken,43000,1995,1859793,JP43,Kumamoto
Kumamoto-ken,43000,1996,1861000,JP43,Kumamoto
Kumamoto-ken,43000,1997,1861000,JP43,Kumamoto
Kumamoto-ken,43000,1998,1862000,JP43,Kumamoto
Kumamoto-ken,43000,1999,1861000,JP43,Kumamoto
Kumamoto-ken,43000,2000,1859344,JP43,Kumamoto
Kumamoto-ken,43000,2001,1860000,JP43,Kumamoto
Kumamoto-ken,43000,2002,1857000,JP43,Kumamoto
Kumamoto-ken,43000,2003,1852000,JP43,Kumamoto
Kumamoto-ken,43000,2004,1848000,JP43,Kumamoto
Kumamoto-ken,43000,2005,1842233,JP43,Kumamoto
Kumamoto-ken,43000,2006,1838000,JP43,Kumamoto
Kumamoto-ken,43000,2007,1832000,JP43,Kumamoto
Kumamoto-ken,43000,2008,1826000,JP43,Kumamoto
Kumamoto-ken,43000,2009,1821000,JP43,Kumamoto
Kumamoto-ken,43000,2010,1817426,JP43,Kumamoto
Kumamoto-ken,43000,2011,1813000,JP43,Kumamoto
Kumamoto-ken,43000,2012,1807000,JP43,Kumamoto
Kumamoto-ken,43000,2013,1801000,JP43,Kumamoto
Kumamoto-ken,43000,2014,1795000,JP43,Kumamoto
Kumamoto-ken,43000,2015,1786170,JP43,Kumamoto
Kumamoto-ken,43000,2016,1775000,JP43,Kumamoto
Kumamoto-ken,43000,2017,1767000,JP43,Kumamoto
Kumamoto-ken,43000,2018,1759000,JP43,Kumamoto
Kumamoto-ken,43000,2019,1749000,JP43,Kumamoto
Kumamoto-ken,43000,2020,1738301,JP43,Kumamoto
Kumamoto-ken,43000,2021,1728000,JP43,Kumamoto
Kumamoto-ken,43000,2022,1718000,JP43,Kumamoto
Kumamoto-ken,43000,2023,1709000,JP43,Kumamoto
Oita-ken,44000,1975,1190314,JP44,Oita
Oita-ken,44000,1976,1199000,JP44,Oita
Oita-ken,44000,1977,1207000,JP44,Oita
Oita-ken,44000,1978,1215000,JP44,Oita
Oita-ken,44000,1979,1223000,JP44,Oita
Oita-ken,44000,1980,1228913,JP44,Oita
Oita-ken,44000,1981,1234000,JP44,Oita
Oita-ken,44000,1982,1239000,JP44,Oita
Oita-ken,44000,1983,1243000,JP44,Oita
Oita-ken,44000,1984,1248000,JP44,Oita
Oita-ken,44000,1985,1250214,JP44,Oita
Oita-ken,44000,1986,1249000,JP44,Oita
Oita-ken,44000,1987,1247000,JP44,Oita
Oita-ken,44000,1988,1243000,JP44,Oita
Oita-ken,44000,1989,1240000,JP44,Oita
Oita-ken,44000,1990,1236942,JP44,Oita
Oita-ken,44000,1991,1235000,JP44,Oita
Oita-ken,44000,1992,1233000,JP44,Oita
Oita-ken,44000,1993,1231000,JP44,Oita
Oita-ken,44000,1994,1232000,JP44,Oita
Oita-ken,44000,1995,1231306,JP44,Oita
Oita-ken,44000,1996,1230000,JP44,Oita
Oita-ken,44000,1997,1228000,JP44,Oita
Oita-ken,44000,1998,1226000,JP44,Oita
Oita-ken,44000,1999,1224000,JP44,Oita
Oita-ken,44000,2000,1221140,JP44,Oita
Oita-ken,44000,2001,1220000,JP44,Oita
Oita-ken,44000,2002,1219000,JP44,Oita
Oita-ken,44000,2003,1217000,JP44,Oita
Oita-ken,44000,2004,1214000,JP44,Oita
Oita-ken,44000,2005,1209571,JP44,Oita
Oita-ken,44000,2006,1207000,JP44,Oita
Oita-ken,44000,2007,1206000,JP44,Oita
Oita-ken,44000,2008,1204000,JP44,Oita
Oita-ken,44000,2009,1200000,JP44,Oita
Oita-ken,44000,2010,1196529,JP44,Oita
Oita-ken,44000,2011,1192000,JP44,Oita
Oita-ken,44000,2012,1186000,JP44,Oita
Oita-ken,44000,2013,1180000,JP44,Oita
Oita-ken,44000,2014,1173000,JP44,Oita
Oita-ken,44000,2015,1166338,JP44,Oita
Oita-ken,44000,2016,1160000,JP44,Oita
Oita-ken,44000,2017,1152000,JP44,Oita
Oita-ken,44000,2018,1143000,JP44,Oita
Oita-ken,44000,2019,1134000,JP44,Oita
Oita-ken,44000,2020,1123852,JP44,Oita
Oita-ken,44000,2021,1114000,JP44,Oita
Oita-ken,44000,2022,1107000,JP44,Oita
Oita-ken,44000,2023,1096000,JP44,Oita
Miyazaki-ken,45000,1975,1085055,JP45,Miyazaki
Miyazaki-ken,45000,1976,1100000,JP45,Miyazaki
Miyazaki-ken,45000,1977,1114000,JP45,Miyazaki
Miyazaki-ken,45000,1978,1127000,JP45,Miyazaki
Miyazaki-ken,45000,1979,1141000,JP45,Miyazaki
Miyazaki-ken,45000,1980,1151587,JP45,Miyazaki
Miyazaki-ken,45000,1981,1158000,JP45,Miyazaki
Miyazaki-ken,45000,1982,1166000,JP45,Miyazaki
Miyazaki-ken,45000,1983,1170000,JP45,Miyazaki
Miyazaki-ken,45000,1984,1173000,JP45,Miyazaki
Miyazaki-ken,45000,1985,1175543,JP45,Miyazaki
Miyazaki-ken,45000,1986,1174000,JP45,Miyazaki
Miyazaki-ken,45000,1987,1174000,JP45,Miyazaki
Miyazaki-ken,45000,1988,1173000,JP45,Miyazaki
Miyazaki-ken,45000,1989,1172000,JP45,Miyazaki
Miyazaki-ken,45000,1990,1168907,JP45,Miyazaki
Miyazaki-ken,45000,1991,1167000,JP45,Miyazaki
Miyazaki-ken,45000,1992,1167000,JP45,Miyazaki
Miyazaki-ken,45000,1993,1171000,JP45,Miyazaki
Miyazaki-ken,45000,1994,1174000,JP45,Miyazaki
Miyazaki-ken,45000,1995,1175819,JP45,Miyazaki
Miyazaki-ken,45000,1996,1177000,JP45,Miyazaki
Miyazaki-ken,45000,1997,1175000,JP45,Miyazaki
Miyazaki-ken,45000,1998,1173000,JP45,Miyazaki
Miyazaki-ken,45000,1999,1172000,JP45,Miyazaki
Miyazaki-ken,45000,2000,1170007,JP45,Miyazaki
Miyazaki-ken,45000,2001,1168000,JP45,Miyazaki
Miyazaki-ken,45000,2002,1165000,JP45,Miyazaki
Miyazaki-ken,45000,2003,1162000,JP45,Miyazaki
Miyazaki-ken,45000,2004,1159000,JP45,Miyazaki
Miyazaki-ken,45000,2005,1153042,JP45,Miyazaki
Miyazaki-ken,45000,2006,1150000,JP45,Miyazaki
Miyazaki-ken,45000,2007,1146000,JP45,Miyazaki
Miyazaki-ken,45000,2008,1141000,JP45,Miyazaki
Miyazaki-ken,45000,2009,1138000,JP45,Miyazaki
Miyazaki-ken,45000,2010,1135233,JP45,Miyazaki
Miyazaki-ken,45000,2011,1130000,JP45,Miyazaki
Miyazaki-ken,45000,2012,1125000,JP45,Miyazaki
Miyazaki-ken,45000,2013,1119000,JP45,Miyazaki
Miyazaki-ken,45000,2014,1112000,JP45,Miyazaki
Miyazaki-ken,45000,2015,1104069,JP45,Miyazaki
Miyazaki-ken,45000,2016,1097000,JP45,Miyazaki
Miyazaki-ken,45000,2017,1091000,JP45,Miyazaki
Miyazaki-ken,45000,2018,1084000,JP45,Miyazaki
Miyazaki-ken,45000,2019,1077000,JP45,Miyazaki
Miyazaki-ken,45000,2020,1069576,JP45,Miyazaki
Miyazaki-ken,45000,2021,1061000,JP45,Miyazaki
Miyazaki-ken,45000,2022,1052000,JP45,Miyazaki
Miyazaki-ken,45000,2023,1042000,JP45,Miyazaki
Kagoshima-ken,46000,1975,1723902,JP46,Kagoshima
Kagoshima-ken,46000,1976,1735000,JP46,Kagoshima
Kagoshima-ken,46000,1977,1747000,JP46,Kagoshima
Kagoshima-ken,46000,1978,1760000,JP46,Kagoshima
Kagoshima-ken,46000,1979,1773000,JP46,Kagoshima
Kagoshima-ken,46000,1980,1784623,JP46,Kagoshima
Kagoshima-ken,46000,1981,1794000,JP46,Kagoshima
Kagoshima-ken,46000,1982,1801000,JP46,Kagoshima
Kagoshima-ken,46000,1983,1807000,JP46,Kagoshima
Kagoshima-ken,46000,1984,1814000,JP46,Kagoshima
Kagoshima-ken,46000,1985,1819270,JP46,Kagoshima
Kagoshima-ken,46000,1986,1816000,JP46,Kagoshima
Kagoshima-ken,46000,1987,1816000,JP46,Kagoshima
Kagoshima-ken,46000,1988,1812000,JP46,Kagoshima
Kagoshima-ken,46000,1989,1805000,JP46,Kagoshima
Kagoshima-ken,46000,1990,1797824,JP46,Kagoshima
Kagoshima-ken,46000,1991,1793000,JP46,Kagoshima
Kagoshima-ken,46000,1992,1789000,JP46,Kagoshima
Kagoshima-ken,46000,1993,1788000,JP46,Kagoshima
Kagoshima-ken,46000,1994,1791000,JP46,Kagoshima
Kagoshima-ken,46000,1995,1794224,JP46,Kagoshima
Kagoshima-ken,46000,1996,1793000,JP46,Kagoshima
Kagoshima-ken,46000,1997,1792000,JP46,Kagoshima
Kagoshima-ken,46000,1998,1790000,JP46,Kagoshima
Kagoshima-ken,46000,1999,1788000,JP46,Kagoshima
Kagoshima-ken,46000,2000,1786194,JP46,Kagoshima
Kagoshima-ken,46000,2001,1782000,JP46,Kagoshima
Kagoshima-ken,46000,2002,1776000,JP46,Kagoshima
Kagoshima-ken,46000,2003,1770000,JP46,Kagoshima
Kagoshima-ken,46000,2004,1763000,JP46,Kagoshima
Kagoshima-ken,46000,2005,1753179,JP46,Kagoshima
Kagoshima-ken,46000,2006,1744000,JP46,Kagoshima
Kagoshima-ken,46000,2007,1733000,JP46,Kagoshima
Kagoshima-ken,46000,2008,1721000,JP46,Kagoshima
Kagoshima-ken,46000,2009,1712000,JP46,Kagoshima
Kagoshima-ken,46000,2010,1706242,JP46,Kagoshima
Kagoshima-ken,46000,2011,1697000,JP46,Kagoshima
Kagoshima-ken,46000,2012,1687000,JP46,Kagoshima
Kagoshima-ken,46000,2013,1675000,JP46,Kagoshima
Kagoshima-ken,46000,2014,1662000,JP46,Kagoshima
Kagoshima-ken,46000,2015,1648177,JP46,Kagoshima
Kagoshima-ken,46000,2016,1637000,JP46,Kagoshima
Kagoshima-ken,46000,2017,1626000,JP46,Kagoshima
Kagoshima-ken,46000,2018,1614000,JP46,Kagoshima
Kagoshima-ken,46000,2019,1602000,JP46,Kagoshima
Kagoshima-ken,46000,2020,1588256,JP46,Kagoshima
Kagoshima-ken,46000,2021,1576000,JP46,Kagoshima
Kagoshima-ken,46000,2022,1563000,JP46,Kagoshima
Kagoshima-ken,46000,2023,1549000,JP46,Kagoshima
Okinawa-ken,47000,1975,1042572,JP47,Okinawa
Okinawa-ken,47000,1976,1058000,JP47,Okinawa
Okinawa-ken,47000,1977,1071000,JP47,Okinawa
Okinawa-ken,47000,1978,1081000,JP47,Okinawa
Okinawa-ken,47000,1979,1094000,JP47,Okinawa
Okinawa-ken,47000,1980,1106559,JP47,Okinawa
Okinawa-ken,47000,1981,1119000,JP47,Okinawa
Okinawa-ken,47000,1982,1132000,JP47,Okinawa
Okinawa-ken,47000,1983,1146000,JP47,Okinawa
Okinawa-ken,47000,1984,1161000,JP47,Okinawa
Okinawa-ken,47000,1985,1179097,JP47,Okinawa
Okinawa-ken,47000,1986,1188000,JP47,Okinawa
Okinawa-ken,47000,1987,1199000,JP47,Okinawa
Okinawa-ken,47000,1988,1208000,JP47,Okinawa
Okinawa-ken,47000,1989,1215000,JP47,Okinawa
Okinawa-ken,47000,1990,1222398,JP47,Okinawa
Okinawa-ken,47000,1991,1230000,JP47,Okinawa
Okinawa-ken,47000,1992,1239000,JP47,Okinawa
Okinawa-ken,47000,1993,1250000,JP47,Okinawa
Okinawa-ken,47000,1994,1262000,JP47,Okinawa
Okinawa-ken,47000,1995,1273440,JP47,Okinawa
Okinawa-ken,47000,1996,1282000,JP47,Okinawa
Okinawa-ken,47000,1997,1289000,JP47,Okinawa
Okinawa-ken,47000,1998,1298000,JP47,Okinawa
Okinawa-ken,47000,1999,1308000,JP47,Okinawa
Okinawa-ken,47000,2000,1318220,JP47,Okinawa
Okinawa-ken,47000,2001,1327000,JP47,Okinawa
Okinawa-ken,47000,2002,1336000,JP47,Okinawa
Okinawa-ken,47000,2003,1345000,JP47,Okinawa
Okinawa-ken,47000,2004,1353000,JP47,Okinawa
Okinawa-ken,47000,2005,1361594,JP47,Okinawa
Okinawa-ken,47000,2006,1369000,JP47,Okinawa
Okinawa-ken,47000,2007,1374000,JP47,Okinawa
Okinawa-ken,47000,2008,1378000,JP47,Okinawa
Okinawa-ken,47000,2009,1385000,JP47,Okinawa
Okinawa-ken,47000,2010,1392818,JP47,Okinawa
Okinawa-ken,47000,2011,1402000,JP47,Okinawa
Okinawa-ken,47000,2012,1411000,JP47,Okinawa
Okinawa-ken,47000,2013,1419000,JP47,Okinawa
Okinawa-ken,47000,2014,1426000,JP47,Okinawa
Okinawa-ken,47000,2015,1433566,JP47,Okinawa
Okinawa-ken,47000,2016,1442000,JP47,Okinawa
Okinawa-ken,47000,2017,1448000,JP47,Okinawa
Okinawa-ken,47000,2018,1454000,JP47,Okinawa
Okinawa-ken,47000,2019,1462000,JP47,Okinawa
Okinawa-ken,47000,2020,1467480,JP47,Okinawa
Okinawa-ken,47000,2021,1468000,JP47,Okinawa
Okinawa-ken,47000,2022,1468000,JP47,Okinawa
Okinawa-ken,47000,2023,1468000,JP47,Okinawa
